David;Tienda3;40
Charlie;Tienda3;115
Alice;Tienda3;98
Alice;Tienda4;148
John;Tienda3;89
David;Tienda3;84
Charlie;Tienda3;180
Alice;Tienda3;245
Charlie;Tienda3;258
David;Tienda3;290
Bob;Tienda4;154
David;Tienda4;189
Charlie;Tienda3;248
Alice;Tienda1;201
Bob;Tienda1;140
David;Tienda3;274
Charlie;Tienda3;233
Alice;Tienda1;285
Bob;Tienda3;91
Charlie;Tienda3;219
David;Tienda4;112
David;Tienda3;221
Charlie;Tienda3;156
Charlie;Tienda3;267
David;Tienda3;279
Charlie;Tienda3;175
Charlie;Tienda3;47
David;Tienda3;118
Bob;Tienda1;283
Bob;Tienda3;56
John;Tienda3;134
John;Tienda4;239
David;Tienda4;145
John;Tienda4;61
John;Tienda1;257
Alice;Tienda2;296
Alice;Tienda3;143
Charlie;Tienda3;213
Alice;Tienda2;47
David;Tienda3;78
Charlie;Tienda3;49
Charlie;Tienda3;147
John;Tienda1;64
John;Tienda3;150
David;Tienda4;279
Charlie;Tienda3;299
John;Tienda1;50
Alice;Tienda4;9
Alice;Tienda4;278
Bob;Tienda3;255
Bob;Tienda3;269
Charlie;Tienda3;182
David;Tienda3;171
Alice;Tienda1;150
John;Tienda4;238
Charlie;Tienda3;57
Alice;Tienda4;206
Charlie;Tienda3;42
John;Tienda1;57
John;Tienda3;170
Charlie;Tienda3;199
Bob;Tienda4;69
Bob;Tienda4;231
Charlie;Tienda3;174
Alice;Tienda4;38
David;Tienda4;155
John;Tienda4;205
Bob;Tienda3;168
David;Tienda3;89
John;Tienda4;184
Charlie;Tienda3;191
Charlie;Tienda3;8
David;Tienda3;22
Bob;Tienda3;66
David;Tienda3;202
John;Tienda1;157
Alice;Tienda2;240
Bob;Tienda3;86
David;Tienda4;221
John;Tienda4;104
Charlie;Tienda3;246
John;Tienda2;16
Bob;Tienda3;253
John;Tienda4;267
David;Tienda4;6
Alice;Tienda4;66
Charlie;Tienda3;93
John;Tienda1;222
Alice;Tienda3;77
Charlie;Tienda3;160
Alice;Tienda1;99
David;Tienda4;278
Alice;Tienda1;196
John;Tienda1;138
John;Tienda4;189
Charlie;Tienda3;127
Alice;Tienda1;88
John;Tienda3;126
Bob;Tienda3;112
Bob;Tienda3;145
Charlie;Tienda3;123
Alice;Tienda4;284
Bob;Tienda4;149
Bob;Tienda3;80
Alice;Tienda3;257
David;Tienda4;155
John;Tienda4;160
Charlie;Tienda3;164
David;Tienda4;42
Bob;Tienda1;177
David;Tienda4;274
John;Tienda1;262
Charlie;Tienda3;16
Charlie;Tienda3;159
Bob;Tienda3;192
David;Tienda3;53
John;Tienda1;206
Charlie;Tienda3;274
Charlie;Tienda3;51
Charlie;Tienda3;216
John;Tienda1;158
Alice;Tienda1;128
Alice;Tienda3;121
Alice;Tienda4;124
Bob;Tienda3;112
David;Tienda3;292
Alice;Tienda3;32
Alice;Tienda4;287
David;Tienda3;35
David;Tienda3;235
David;Tienda3;107
Charlie;Tienda3;196
David;Tienda4;243
Alice;Tienda3;139
John;Tienda1;228
Alice;Tienda4;129
Charlie;Tienda3;127
Bob;Tienda3;163
David;Tienda4;49
John;Tienda4;56
Charlie;Tienda3;93
Alice;Tienda1;163
Charlie;Tienda3;18
Charlie;Tienda3;133
Bob;Tienda4;93
Charlie;Tienda3;122
Charlie;Tienda3;72
David;Tienda4;128
John;Tienda3;168
Bob;Tienda3;226
Charlie;Tienda3;2
Alice;Tienda1;184
Charlie;Tienda3;148
Bob;Tienda1;213
Bob;Tienda4;216
Alice;Tienda3;221
John;Tienda4;135
John;Tienda4;100
Alice;Tienda4;116
David;Tienda3;279
John;Tienda1;231
John;Tienda1;265
Bob;Tienda1;155
Alice;Tienda3;227
David;Tienda4;286
Charlie;Tienda3;105
Alice;Tienda1;293
Alice;Tienda2;116
John;Tienda2;104
Bob;Tienda3;164
David;Tienda4;238
John;Tienda3;25
John;Tienda4;219
John;Tienda2;235
David;Tienda4;52
Bob;Tienda1;238
Bob;Tienda1;81
Bob;Tienda4;48
Alice;Tienda1;201
John;Tienda1;78
John;Tienda2;10
John;Tienda3;186
Alice;Tienda1;197
Bob;Tienda1;65
Alice;Tienda4;27
Charlie;Tienda3;265
Alice;Tienda3;105
John;Tienda2;249
Charlie;Tienda3;212
Charlie;Tienda3;199
David;Tienda3;253
Charlie;Tienda3;85
Alice;Tienda3;218
Charlie;Tienda3;245
David;Tienda4;280
John;Tienda2;39
John;Tienda2;10
Bob;Tienda4;156
John;Tienda3;31
Alice;Tienda1;161
Charlie;Tienda3;81
Alice;Tienda1;105
Alice;Tienda4;188
John;Tienda4;248
Bob;Tienda1;203
John;Tienda1;284
John;Tienda3;278
David;Tienda4;238
John;Tienda3;79
David;Tienda3;259
David;Tienda3;27
David;Tienda4;18
Bob;Tienda4;151
Bob;Tienda3;285
Alice;Tienda4;145
Bob;Tienda4;25
Alice;Tienda2;176
Charlie;Tienda3;28
Charlie;Tienda3;272
Alice;Tienda3;232
Bob;Tienda4;64
Charlie;Tienda3;10
Bob;Tienda1;169
Alice;Tienda3;173
Charlie;Tienda3;250
John;Tienda4;278
Alice;Tienda1;97
Charlie;Tienda3;92
Charlie;Tienda3;156
David;Tienda3;283
John;Tienda1;209
David;Tienda3;83
David;Tienda3;104
John;Tienda1;297
Alice;Tienda4;49
David;Tienda3;35
David;Tienda3;194
Charlie;Tienda3;211
David;Tienda3;180
John;Tienda3;68
David;Tienda4;56
David;Tienda3;124
David;Tienda4;206
David;Tienda3;84
Alice;Tienda2;257
Charlie;Tienda3;265
David;Tienda4;246
Charlie;Tienda3;292
Alice;Tienda2;154
Charlie;Tienda3;5
Bob;Tienda1;62
John;Tienda1;134
Bob;Tienda1;172
Alice;Tienda2;197
David;Tienda4;154
John;Tienda2;48
Bob;Tienda4;52
Charlie;Tienda3;165
David;Tienda3;290
John;Tienda1;200
Alice;Tienda4;243
David;Tienda4;11
Charlie;Tienda3;263
Charlie;Tienda3;108
Alice;Tienda2;173
Bob;Tienda3;221
David;Tienda4;287
John;Tienda2;79
David;Tienda4;144
John;Tienda4;225
Charlie;Tienda3;153
Bob;Tienda3;286
John;Tienda2;76
David;Tienda4;121
Charlie;Tienda3;115
David;Tienda4;235
Charlie;Tienda3;40
Charlie;Tienda3;241
David;Tienda4;227
Alice;Tienda4;270
Alice;Tienda4;106
David;Tienda3;156
David;Tienda3;50
John;Tienda2;154
Alice;Tienda4;36
Alice;Tienda3;180
David;Tienda3;237
Charlie;Tienda3;153
John;Tienda2;285
John;Tienda1;142
Bob;Tienda3;6
John;Tienda1;167
Alice;Tienda3;13
Charlie;Tienda3;6
Alice;Tienda2;30
Alice;Tienda3;138
David;Tienda3;153
John;Tienda1;199
Charlie;Tienda3;269
David;Tienda4;237
Alice;Tienda3;187
Charlie;Tienda3;113
Bob;Tienda4;188
Alice;Tienda4;233
Charlie;Tienda3;178
Charlie;Tienda3;37
David;Tienda3;62
Bob;Tienda1;76
Alice;Tienda3;195
David;Tienda3;275
Charlie;Tienda3;135
Alice;Tienda4;40
Charlie;Tienda3;216
David;Tienda3;194
Charlie;Tienda3;52
David;Tienda4;73
Charlie;Tienda3;264
David;Tienda3;285
John;Tienda3;245
Alice;Tienda3;126
Bob;Tienda4;208
Charlie;Tienda3;68
Charlie;Tienda3;151
Alice;Tienda2;169
David;Tienda4;265
David;Tienda4;108
John;Tienda4;270
John;Tienda3;256
Bob;Tienda4;278
Bob;Tienda1;215
John;Tienda3;206
Charlie;Tienda3;36
Bob;Tienda4;168
Charlie;Tienda3;48
Charlie;Tienda3;281
Alice;Tienda3;13
Charlie;Tienda3;126
Alice;Tienda4;191
John;Tienda1;98
David;Tienda4;184
John;Tienda4;286
John;Tienda2;221
Charlie;Tienda3;176
Alice;Tienda3;221
David;Tienda4;13
Alice;Tienda4;151
David;Tienda3;235
Charlie;Tienda3;10
Charlie;Tienda3;214
John;Tienda2;275
John;Tienda1;209
John;Tienda4;206
David;Tienda4;87
John;Tienda1;33
David;Tienda4;264
Bob;Tienda3;282
Bob;Tienda4;235
Bob;Tienda3;11
John;Tienda1;239
Bob;Tienda4;94
Charlie;Tienda3;80
Alice;Tienda1;80
David;Tienda4;82
David;Tienda3;264
Alice;Tienda4;158
David;Tienda4;285
Alice;Tienda3;298
Charlie;Tienda3;166
David;Tienda4;20
Charlie;Tienda3;1
Alice;Tienda4;299
David;Tienda4;153
David;Tienda4;233
Charlie;Tienda3;266
Bob;Tienda3;144
Alice;Tienda3;132
Alice;Tienda1;94
David;Tienda4;165
Bob;Tienda3;77
John;Tienda3;15
Alice;Tienda1;139
David;Tienda3;129
Bob;Tienda3;158
Bob;Tienda4;144
John;Tienda3;189
Charlie;Tienda3;84
Bob;Tienda1;229
John;Tienda2;289
David;Tienda4;102
John;Tienda2;230
John;Tienda3;190
Alice;Tienda3;234
John;Tienda1;41
Charlie;Tienda3;225
Bob;Tienda3;144
John;Tienda2;145
Bob;Tienda1;179
Charlie;Tienda3;291
Charlie;Tienda3;156
Charlie;Tienda3;289
Charlie;Tienda3;29
Bob;Tienda3;216
Alice;Tienda2;9
Charlie;Tienda3;181
David;Tienda3;84
Bob;Tienda1;127
John;Tienda4;169
Alice;Tienda2;141
Bob;Tienda4;273
John;Tienda1;72
David;Tienda3;138
David;Tienda4;163
David;Tienda3;122
Alice;Tienda4;76
John;Tienda4;129
Alice;Tienda3;134
Charlie;Tienda3;237
Alice;Tienda3;149
Charlie;Tienda3;102
David;Tienda4;124
Alice;Tienda1;237
Charlie;Tienda3;132
Alice;Tienda4;224
John;Tienda1;166
David;Tienda4;191
Charlie;Tienda3;49
Bob;Tienda4;238
Alice;Tienda3;185
David;Tienda3;179
John;Tienda2;267
Alice;Tienda2;107
Bob;Tienda3;136
Bob;Tienda3;95
David;Tienda3;63
Bob;Tienda3;262
Charlie;Tienda3;254
John;Tienda3;177
John;Tienda1;15
Charlie;Tienda3;32
Bob;Tienda4;66
David;Tienda3;182
Bob;Tienda1;267
John;Tienda2;217
Bob;Tienda4;225
Bob;Tienda1;8
David;Tienda4;155
Charlie;Tienda3;148
David;Tienda3;53
Alice;Tienda2;272
John;Tienda4;23
John;Tienda1;170
David;Tienda4;37
John;Tienda3;39
Charlie;Tienda3;259
Alice;Tienda1;109
Alice;Tienda2;62
David;Tienda3;212
John;Tienda1;40
Charlie;Tienda3;195
John;Tienda1;84
David;Tienda4;269
Alice;Tienda2;29
David;Tienda3;260
Charlie;Tienda3;207
Bob;Tienda3;38
Bob;Tienda1;219
Alice;Tienda4;44
Alice;Tienda2;229
Alice;Tienda1;254
David;Tienda3;1
Bob;Tienda3;282
Charlie;Tienda3;240
John;Tienda4;233
David;Tienda4;177
Bob;Tienda3;164
Charlie;Tienda3;2
David;Tienda3;122
John;Tienda3;47
John;Tienda2;152
Charlie;Tienda3;188
John;Tienda1;144
David;Tienda3;24
John;Tienda2;156
Bob;Tienda4;173
David;Tienda3;217
John;Tienda4;2
Charlie;Tienda3;252
Bob;Tienda1;90
Alice;Tienda1;247
Alice;Tienda3;164
Alice;Tienda2;247
Bob;Tienda4;28
John;Tienda4;193
Charlie;Tienda3;168
Alice;Tienda4;208
Charlie;Tienda3;121
John;Tienda3;152
Bob;Tienda3;91
Alice;Tienda1;286
Charlie;Tienda3;172
David;Tienda4;44
Charlie;Tienda3;109
John;Tienda3;70
Alice;Tienda4;100
John;Tienda1;80
Alice;Tienda4;98
John;Tienda4;64
John;Tienda4;280
Bob;Tienda4;29
Charlie;Tienda3;266
David;Tienda3;152
Charlie;Tienda3;138
Charlie;Tienda3;260
John;Tienda3;275
John;Tienda2;143
David;Tienda3;240
Charlie;Tienda3;273
David;Tienda4;209
John;Tienda1;271
Alice;Tienda4;133
Alice;Tienda1;227
John;Tienda1;14
Alice;Tienda3;77
Bob;Tienda4;153
John;Tienda1;270
David;Tienda4;268
David;Tienda4;180
Bob;Tienda3;8
John;Tienda4;191
John;Tienda3;31
Bob;Tienda1;218
John;Tienda4;216
Alice;Tienda2;165
Alice;Tienda3;221
Alice;Tienda2;274
Charlie;Tienda3;119
David;Tienda3;11
John;Tienda4;221
Bob;Tienda1;246
David;Tienda4;20
Bob;Tienda3;237
David;Tienda4;214
Bob;Tienda4;181
Charlie;Tienda3;35
David;Tienda4;135
Bob;Tienda1;156
Bob;Tienda3;115
Alice;Tienda3;61
Charlie;Tienda3;213
Alice;Tienda4;29
Bob;Tienda1;254
John;Tienda3;47
David;Tienda4;141
David;Tienda3;135
Charlie;Tienda3;96
Bob;Tienda4;220
Charlie;Tienda3;300
John;Tienda4;237
John;Tienda4;50
Alice;Tienda4;293
Bob;Tienda3;163
Charlie;Tienda3;45
Bob;Tienda1;255
Alice;Tienda2;253
David;Tienda4;177
Alice;Tienda1;252
Alice;Tienda1;130
Bob;Tienda3;172
John;Tienda4;184
Charlie;Tienda3;116
David;Tienda3;223
Alice;Tienda3;185
John;Tienda2;232
Charlie;Tienda3;255
David;Tienda4;235
Bob;Tienda1;2
David;Tienda3;233
Bob;Tienda1;94
Bob;Tienda4;269
Charlie;Tienda3;195
John;Tienda4;140
David;Tienda4;251
Alice;Tienda1;173
John;Tienda3;284
Bob;Tienda3;35
David;Tienda4;183
Alice;Tienda4;73
John;Tienda4;13
Charlie;Tienda3;266
Alice;Tienda1;230
Alice;Tienda3;219
David;Tienda4;49
Bob;Tienda1;266
John;Tienda2;5
Alice;Tienda1;230
David;Tienda4;242
Charlie;Tienda3;58
John;Tienda1;218
Charlie;Tienda3;275
Alice;Tienda4;212
John;Tienda4;156
John;Tienda1;212
John;Tienda3;153
Charlie;Tienda3;157
John;Tienda4;139
Bob;Tienda3;75
Charlie;Tienda3;200
Alice;Tienda1;44
David;Tienda3;216
Charlie;Tienda3;54
John;Tienda2;278
Bob;Tienda4;145
John;Tienda3;162
Alice;Tienda4;177
David;Tienda3;52
Charlie;Tienda3;101
David;Tienda3;198
John;Tienda1;77
David;Tienda3;225
John;Tienda3;80
Charlie;Tienda3;222
Bob;Tienda1;5
Alice;Tienda3;20
David;Tienda4;147
David;Tienda4;89
Charlie;Tienda3;291
Charlie;Tienda3;163
Alice;Tienda3;162
Bob;Tienda1;273
Charlie;Tienda3;20
Alice;Tienda3;70
John;Tienda3;189
David;Tienda3;118
John;Tienda2;143
Charlie;Tienda3;163
David;Tienda3;104
Charlie;Tienda3;87
Bob;Tienda3;206
Bob;Tienda1;285
Charlie;Tienda3;146
John;Tienda1;171
John;Tienda1;114
Bob;Tienda3;23
Bob;Tienda4;236
Charlie;Tienda3;137
Charlie;Tienda3;264
John;Tienda1;142
John;Tienda1;16
John;Tienda3;106
Charlie;Tienda3;239
Charlie;Tienda3;1
John;Tienda2;222
John;Tienda4;283
David;Tienda4;167
David;Tienda4;42
Bob;Tienda4;130
David;Tienda4;138
Charlie;Tienda3;90
Charlie;Tienda3;157
John;Tienda4;186
Alice;Tienda2;194
David;Tienda4;262
Charlie;Tienda3;163
John;Tienda3;96
Alice;Tienda2;92
Bob;Tienda1;21
Charlie;Tienda3;196
Bob;Tienda4;228
John;Tienda3;4
John;Tienda2;2
Alice;Tienda3;115
Alice;Tienda4;101
John;Tienda2;230
John;Tienda4;112
David;Tienda4;19
David;Tienda3;20
John;Tienda2;3
Alice;Tienda1;42
David;Tienda4;85
Bob;Tienda4;237
John;Tienda4;93
Alice;Tienda4;266
John;Tienda3;224
David;Tienda4;147
David;Tienda4;42
John;Tienda4;169
David;Tienda4;79
John;Tienda3;300
Alice;Tienda1;62
John;Tienda1;238
Alice;Tienda2;133
Alice;Tienda2;58
Alice;Tienda3;79
Charlie;Tienda3;196
Alice;Tienda4;132
Charlie;Tienda3;253
John;Tienda4;82
David;Tienda3;72
Charlie;Tienda3;85
John;Tienda1;206
David;Tienda4;226
Charlie;Tienda3;257
Bob;Tienda4;242
Alice;Tienda1;102
David;Tienda4;138
Alice;Tienda1;295
Alice;Tienda1;81
David;Tienda4;29
David;Tienda3;174
David;Tienda3;27
David;Tienda4;300
David;Tienda3;220
Alice;Tienda2;53
David;Tienda4;298
Charlie;Tienda3;95
Alice;Tienda4;28
John;Tienda1;114
Alice;Tienda3;234
John;Tienda3;194
John;Tienda3;146
John;Tienda3;21
Bob;Tienda1;159
Alice;Tienda2;221
John;Tienda2;16
John;Tienda4;102
Bob;Tienda3;101
Bob;Tienda4;158
Bob;Tienda4;255
Charlie;Tienda3;133
David;Tienda3;68
Bob;Tienda4;167
John;Tienda4;76
Alice;Tienda4;26
Alice;Tienda2;52
Charlie;Tienda3;122
Charlie;Tienda3;224
Alice;Tienda2;292
David;Tienda4;220
David;Tienda4;226
Bob;Tienda1;173
Bob;Tienda1;253
Alice;Tienda3;299
Alice;Tienda2;253
Alice;Tienda3;135
Bob;Tienda1;282
David;Tienda3;125
John;Tienda4;139
John;Tienda2;231
Alice;Tienda3;32
David;Tienda3;10
David;Tienda4;116
Charlie;Tienda3;104
Bob;Tienda1;55
John;Tienda2;250
Alice;Tienda2;108
Bob;Tienda4;139
Alice;Tienda4;55
Alice;Tienda3;198
David;Tienda4;144
John;Tienda3;274
David;Tienda4;158
Bob;Tienda3;115
Alice;Tienda4;149
David;Tienda4;140
John;Tienda1;131
Bob;Tienda3;152
Charlie;Tienda3;237
Alice;Tienda3;97
David;Tienda3;12
David;Tienda4;216
David;Tienda3;293
David;Tienda4;91
Alice;Tienda4;28
Alice;Tienda1;3
David;Tienda3;242
Charlie;Tienda3;181
John;Tienda4;179
David;Tienda3;44
Bob;Tienda4;88
Charlie;Tienda3;66
Bob;Tienda3;54
Alice;Tienda3;90
Bob;Tienda3;119
David;Tienda4;2
Alice;Tienda4;29
Bob;Tienda3;153
Bob;Tienda3;56
David;Tienda3;113
John;Tienda4;127
David;Tienda4;196
Charlie;Tienda3;219
John;Tienda2;71
John;Tienda3;54
John;Tienda1;53
Bob;Tienda3;59
Alice;Tienda4;17
David;Tienda3;131
John;Tienda2;114
John;Tienda1;173
Alice;Tienda2;59
John;Tienda2;3
John;Tienda3;292
David;Tienda4;206
Bob;Tienda3;46
John;Tienda4;130
Alice;Tienda4;42
David;Tienda4;31
David;Tienda3;198
Bob;Tienda1;260
John;Tienda2;72
Charlie;Tienda3;175
Alice;Tienda2;32
David;Tienda4;49
Alice;Tienda1;44
Alice;Tienda3;293
Bob;Tienda4;126
Charlie;Tienda3;56
John;Tienda3;50
Alice;Tienda2;254
Charlie;Tienda3;191
Bob;Tienda3;86
Charlie;Tienda3;130
Alice;Tienda1;244
Bob;Tienda3;50
John;Tienda1;249
David;Tienda3;235
Alice;Tienda3;268
Bob;Tienda3;98
Alice;Tienda1;217
David;Tienda3;269
Charlie;Tienda3;7
Bob;Tienda4;17
Charlie;Tienda3;34
David;Tienda3;190
David;Tienda3;286
Bob;Tienda3;91
David;Tienda4;41
David;Tienda3;15
David;Tienda4;41
Bob;Tienda4;4
Charlie;Tienda3;261
Bob;Tienda3;81
John;Tienda1;246
Bob;Tienda1;280
David;Tienda4;53
Alice;Tienda2;126
Bob;Tienda4;41
Charlie;Tienda3;28
Charlie;Tienda3;201
Alice;Tienda1;146
David;Tienda3;278
David;Tienda4;95
Charlie;Tienda3;101
Alice;Tienda3;285
Bob;Tienda1;41
Bob;Tienda3;141
John;Tienda1;178
Charlie;Tienda3;183
Charlie;Tienda3;112
Charlie;Tienda3;51
Charlie;Tienda3;252
David;Tienda3;52
Alice;Tienda1;131
John;Tienda3;106
John;Tienda4;242
John;Tienda1;149
Charlie;Tienda3;122
David;Tienda3;118
Charlie;Tienda3;267
John;Tienda4;44
David;Tienda4;18
David;Tienda4;170
Bob;Tienda3;96
Bob;Tienda4;3
Charlie;Tienda3;84
Bob;Tienda4;77
Bob;Tienda1;160
Bob;Tienda1;275
David;Tienda3;243
John;Tienda4;292
John;Tienda1;167
John;Tienda4;268
Charlie;Tienda3;42
David;Tienda4;91
David;Tienda4;154
Charlie;Tienda3;193
John;Tienda2;21
David;Tienda4;178
David;Tienda4;108
Alice;Tienda1;56
John;Tienda3;214
David;Tienda4;163
Charlie;Tienda3;72
Bob;Tienda4;131
Alice;Tienda1;246
Charlie;Tienda3;235
David;Tienda3;272
Alice;Tienda2;166
Bob;Tienda4;96
David;Tienda3;264
Charlie;Tienda3;108
Bob;Tienda4;44
Bob;Tienda1;74
Charlie;Tienda3;257
John;Tienda1;154
Bob;Tienda4;152
Alice;Tienda1;130
Bob;Tienda4;185
Charlie;Tienda3;60
Bob;Tienda3;16
Alice;Tienda4;82
Bob;Tienda3;28
Charlie;Tienda3;163
David;Tienda3;92
Alice;Tienda2;253
David;Tienda4;219
Charlie;Tienda3;249
David;Tienda3;296
Alice;Tienda4;134
John;Tienda1;209
Charlie;Tienda3;97
Charlie;Tienda3;36
Bob;Tienda1;8
Charlie;Tienda3;139
Bob;Tienda3;10
Charlie;Tienda3;152
Charlie;Tienda3;53
Alice;Tienda3;24
Bob;Tienda4;286
John;Tienda3;223
Charlie;Tienda3;45
John;Tienda1;173
Alice;Tienda3;213
David;Tienda4;99
John;Tienda2;142
David;Tienda4;154
Charlie;Tienda3;138
Alice;Tienda3;135
Bob;Tienda4;89
Charlie;Tienda3;59
David;Tienda4;180
Alice;Tienda1;300
David;Tienda4;194
Alice;Tienda2;136
Alice;Tienda2;216
Bob;Tienda4;39
David;Tienda4;197
Charlie;Tienda3;177
Bob;Tienda4;279
David;Tienda4;273
Alice;Tienda3;28
David;Tienda4;291
Charlie;Tienda3;98
Bob;Tienda4;221
David;Tienda4;48
Charlie;Tienda3;243
Charlie;Tienda3;176
Bob;Tienda4;217
Alice;Tienda1;190
John;Tienda3;246
Alice;Tienda2;115
Bob;Tienda4;159
Charlie;Tienda3;110
Bob;Tienda4;125
Charlie;Tienda3;46
Alice;Tienda1;142
Alice;Tienda1;182
Alice;Tienda3;253
John;Tienda3;92
Charlie;Tienda3;87
David;Tienda3;169
Charlie;Tienda3;15
David;Tienda4;124
Bob;Tienda3;2
Bob;Tienda1;149
Charlie;Tienda3;141
Bob;Tienda3;122
John;Tienda1;100
David;Tienda4;224
Alice;Tienda3;266
Alice;Tienda4;11
Alice;Tienda3;134
Charlie;Tienda3;50
Charlie;Tienda3;259
David;Tienda3;250
John;Tienda1;281
Alice;Tienda4;125
Alice;Tienda3;27
Bob;Tienda3;225
John;Tienda1;187
David;Tienda4;153
David;Tienda3;2
John;Tienda2;275
David;Tienda4;255
John;Tienda2;151
David;Tienda3;102
David;Tienda4;13
David;Tienda4;252
Bob;Tienda4;213
Charlie;Tienda3;82
John;Tienda1;11
Charlie;Tienda3;168
David;Tienda3;90
Charlie;Tienda3;7
David;Tienda3;136
Alice;Tienda1;158
Charlie;Tienda3;244
David;Tienda3;12
Bob;Tienda1;36
David;Tienda4;37
Charlie;Tienda3;277
Bob;Tienda4;298
Charlie;Tienda3;178
David;Tienda3;72
Charlie;Tienda3;291
John;Tienda3;154
Bob;Tienda4;296
Alice;Tienda1;255
Charlie;Tienda3;117
Alice;Tienda2;143
John;Tienda3;51
Alice;Tienda4;175
David;Tienda4;278
Alice;Tienda2;218
Alice;Tienda4;185
Bob;Tienda4;211
Bob;Tienda4;165
John;Tienda2;297
Alice;Tienda1;117
Charlie;Tienda3;38
Alice;Tienda3;140
Alice;Tienda2;212
John;Tienda1;50
John;Tienda1;239
John;Tienda4;52
Charlie;Tienda3;233
David;Tienda4;21
Charlie;Tienda3;94
John;Tienda1;224
Charlie;Tienda3;173
Charlie;Tienda3;35
Alice;Tienda4;163
Bob;Tienda4;232
John;Tienda2;24
Bob;Tienda1;214
John;Tienda1;209
Charlie;Tienda3;171
Charlie;Tienda3;284
Bob;Tienda1;117
Bob;Tienda3;15
David;Tienda3;108
David;Tienda4;57
John;Tienda1;188
Charlie;Tienda3;39
David;Tienda4;159
Charlie;Tienda3;84
Bob;Tienda3;10
David;Tienda4;18
Alice;Tienda2;204
Alice;Tienda3;151
Bob;Tienda4;114
David;Tienda3;20
John;Tienda3;54
Bob;Tienda3;122
David;Tienda3;159
David;Tienda3;197
Bob;Tienda4;156
David;Tienda4;159
Alice;Tienda2;19
John;Tienda2;199
Bob;Tienda1;297
David;Tienda4;31
Bob;Tienda4;208
John;Tienda4;246
David;Tienda3;164
David;Tienda3;296
Bob;Tienda3;235
David;Tienda3;107
David;Tienda3;157
David;Tienda3;138
Charlie;Tienda3;193
Bob;Tienda1;60
David;Tienda3;27
David;Tienda3;285
John;Tienda3;270
Charlie;Tienda3;55
Bob;Tienda1;132
David;Tienda3;114
Bob;Tienda4;296
Bob;Tienda1;242
John;Tienda4;65
John;Tienda2;163
Alice;Tienda3;282
John;Tienda4;170
Alice;Tienda1;137
Bob;Tienda4;67
Bob;Tienda4;60
Charlie;Tienda3;185
David;Tienda4;1
John;Tienda2;93
Bob;Tienda4;114
Charlie;Tienda3;204
Bob;Tienda1;199
David;Tienda3;272
Bob;Tienda1;234
Alice;Tienda3;52
Bob;Tienda3;293
Bob;Tienda4;197
David;Tienda4;91
John;Tienda3;221
John;Tienda2;250
Bob;Tienda3;157
Charlie;Tienda3;19
Bob;Tienda3;247
Bob;Tienda1;6
John;Tienda3;93
John;Tienda1;100
John;Tienda3;261
Charlie;Tienda3;35
Charlie;Tienda3;267
Alice;Tienda2;270
John;Tienda2;92
Bob;Tienda1;106
Bob;Tienda1;297
Bob;Tienda3;133
Bob;Tienda4;291
John;Tienda1;266
David;Tienda4;212
Alice;Tienda2;249
Bob;Tienda4;136
Charlie;Tienda3;210
Bob;Tienda4;205
Alice;Tienda2;117
Charlie;Tienda3;19
David;Tienda4;1
Alice;Tienda3;65
Bob;Tienda3;47
Alice;Tienda1;129
Alice;Tienda1;178
Bob;Tienda1;278
David;Tienda4;297
Charlie;Tienda3;1
John;Tienda4;38
David;Tienda4;200
Bob;Tienda4;289
John;Tienda2;171
Alice;Tienda1;193
Bob;Tienda4;176
Charlie;Tienda3;139
Bob;Tienda4;299
Bob;Tienda4;30
Charlie;Tienda3;235
Bob;Tienda1;139
David;Tienda3;281
John;Tienda3;197
Bob;Tienda4;190
Charlie;Tienda3;246
David;Tienda4;91
Charlie;Tienda3;55
Bob;Tienda3;147
Bob;Tienda1;255
Alice;Tienda3;232
Charlie;Tienda3;25
David;Tienda3;59
Bob;Tienda4;49
David;Tienda3;140
Charlie;Tienda3;140
David;Tienda3;94
John;Tienda4;221
John;Tienda3;244
Alice;Tienda1;133
Charlie;Tienda3;61
John;Tienda3;183
Charlie;Tienda3;67
Bob;Tienda3;266
Charlie;Tienda3;128
David;Tienda3;229
Charlie;Tienda3;208
John;Tienda1;195
Bob;Tienda4;297
Alice;Tienda1;119
Alice;Tienda4;53
Charlie;Tienda3;122
Bob;Tienda1;221
John;Tienda1;96
John;Tienda3;112
Bob;Tienda3;14
Bob;Tienda1;265
Bob;Tienda3;69
Bob;Tienda3;227
Bob;Tienda3;117
David;Tienda3;148
Alice;Tienda3;248
Charlie;Tienda3;219
Bob;Tienda3;179
Alice;Tienda2;147
Alice;Tienda1;3
John;Tienda1;246
Bob;Tienda3;28
David;Tienda4;165
Bob;Tienda3;264
Charlie;Tienda3;252
Bob;Tienda4;58
Bob;Tienda1;274
Bob;Tienda4;168
Alice;Tienda3;114
Charlie;Tienda3;231
Charlie;Tienda3;73
Alice;Tienda4;104
Charlie;Tienda3;252
Alice;Tienda2;113
Bob;Tienda3;213
Bob;Tienda3;130
Charlie;Tienda3;193
Charlie;Tienda3;124
Bob;Tienda1;229
David;Tienda3;71
Alice;Tienda4;204
John;Tienda3;285
Charlie;Tienda3;130
Alice;Tienda4;2
David;Tienda3;266
John;Tienda1;115
David;Tienda4;237
Alice;Tienda4;292
John;Tienda4;69
Bob;Tienda1;268
David;Tienda4;273
David;Tienda4;290
Alice;Tienda1;94
John;Tienda1;77
Bob;Tienda3;25
John;Tienda1;255
John;Tienda2;221
John;Tienda4;92
Bob;Tienda1;1
Bob;Tienda3;169
John;Tienda4;133
John;Tienda1;162
John;Tienda1;105
Alice;Tienda4;105
Bob;Tienda3;149
Charlie;Tienda3;167
John;Tienda2;194
David;Tienda3;112
David;Tienda4;298
David;Tienda4;233
David;Tienda3;106
Bob;Tienda4;111
Bob;Tienda3;177
Bob;Tienda3;256
Charlie;Tienda3;146
Alice;Tienda3;205
John;Tienda3;191
David;Tienda3;218
John;Tienda1;148
Charlie;Tienda3;293
Alice;Tienda2;22
Charlie;Tienda3;121
Charlie;Tienda3;265
Alice;Tienda4;271
Bob;Tienda3;143
Charlie;Tienda3;177
Bob;Tienda1;118
Alice;Tienda4;190
Charlie;Tienda3;140
Charlie;Tienda3;222
David;Tienda4;104
David;Tienda4;4
Charlie;Tienda3;83
John;Tienda3;185
David;Tienda3;104
Charlie;Tienda3;274
Bob;Tienda4;211
John;Tienda3;59
Bob;Tienda4;122
Bob;Tienda1;229
Bob;Tienda3;239
Charlie;Tienda3;26
Alice;Tienda1;98
Alice;Tienda4;241
Charlie;Tienda3;153
John;Tienda4;84
David;Tienda3;168
John;Tienda2;26
Charlie;Tienda3;130
Charlie;Tienda3;138
John;Tienda1;206
John;Tienda2;52
Bob;Tienda4;284
David;Tienda3;111
Bob;Tienda4;218
Charlie;Tienda3;134
Charlie;Tienda3;162
Bob;Tienda3;260
Charlie;Tienda3;11
Charlie;Tienda3;214
David;Tienda3;275
Alice;Tienda4;229
John;Tienda3;179
David;Tienda4;8
John;Tienda1;4
Charlie;Tienda3;66
Alice;Tienda4;171
Charlie;Tienda3;16
David;Tienda4;61
Charlie;Tienda3;225
Charlie;Tienda3;249
Bob;Tienda1;171
Alice;Tienda1;206
Bob;Tienda3;71
David;Tienda3;67
David;Tienda4;77
John;Tienda3;54
John;Tienda2;159
Alice;Tienda4;156
Alice;Tienda2;118
Bob;Tienda1;159
Alice;Tienda4;114
Alice;Tienda3;72
Bob;Tienda1;207
Alice;Tienda2;249
Charlie;Tienda3;163
David;Tienda3;121
Charlie;Tienda3;120
John;Tienda3;108
David;Tienda3;226
Alice;Tienda1;175
David;Tienda3;198
Alice;Tienda2;205
John;Tienda4;156
David;Tienda4;236
David;Tienda3;148
Alice;Tienda4;256
Bob;Tienda4;279
Alice;Tienda3;195
Alice;Tienda2;15
Bob;Tienda4;201
John;Tienda4;284
John;Tienda1;129
David;Tienda4;181
Charlie;Tienda3;216
David;Tienda3;298
David;Tienda3;170
David;Tienda3;96
David;Tienda3;77
Bob;Tienda1;43
Charlie;Tienda3;154
John;Tienda2;41
Charlie;Tienda3;190
Alice;Tienda4;218
Alice;Tienda4;143
John;Tienda1;146
Bob;Tienda1;299
Alice;Tienda1;39
David;Tienda3;263
John;Tienda3;150
Charlie;Tienda3;160
David;Tienda4;67
David;Tienda3;270
Bob;Tienda4;138
John;Tienda4;160
John;Tienda2;197
David;Tienda4;265
David;Tienda3;299
Alice;Tienda3;2
Charlie;Tienda3;55
Bob;Tienda4;5
Charlie;Tienda3;180
Alice;Tienda2;161
David;Tienda3;54
Bob;Tienda1;289
Alice;Tienda2;163
John;Tienda4;198
Charlie;Tienda3;22
Alice;Tienda1;3
Alice;Tienda4;43
Alice;Tienda1;126
Bob;Tienda4;21
John;Tienda4;9
Alice;Tienda1;196
Charlie;Tienda3;205
Charlie;Tienda3;92
Charlie;Tienda3;235
Bob;Tienda4;139
Alice;Tienda3;280
Charlie;Tienda3;285
David;Tienda4;241
John;Tienda4;179
John;Tienda2;79
John;Tienda4;291
John;Tienda2;144
David;Tienda3;13
Charlie;Tienda3;214
Bob;Tienda4;228
Bob;Tienda1;210
John;Tienda4;192
David;Tienda4;140
Alice;Tienda1;80
Charlie;Tienda3;53
Charlie;Tienda3;12
Bob;Tienda4;294
Bob;Tienda4;215
John;Tienda3;18
David;Tienda3;300
David;Tienda3;206
John;Tienda4;229
David;Tienda3;31
Alice;Tienda1;81
Alice;Tienda2;43
Bob;Tienda1;169
Charlie;Tienda3;269
John;Tienda1;281
John;Tienda1;91
David;Tienda3;137
Bob;Tienda1;70
Charlie;Tienda3;10
Bob;Tienda4;222
John;Tienda3;157
Alice;Tienda1;117
Charlie;Tienda3;233
John;Tienda1;130
Alice;Tienda4;266
Alice;Tienda3;228
David;Tienda3;197
Charlie;Tienda3;273
David;Tienda4;190
Bob;Tienda1;173
Bob;Tienda3;72
Charlie;Tienda3;148
Charlie;Tienda3;192
John;Tienda1;268
Alice;Tienda1;271
John;Tienda1;277
Charlie;Tienda3;100
Alice;Tienda3;166
John;Tienda1;261
Bob;Tienda4;169
Charlie;Tienda3;171
David;Tienda3;24
David;Tienda3;1
Charlie;Tienda3;42
Charlie;Tienda3;239
Bob;Tienda1;56
John;Tienda2;268
John;Tienda1;21
Bob;Tienda3;223
Bob;Tienda4;142
John;Tienda2;44
David;Tienda3;206
David;Tienda3;275
Alice;Tienda2;13
David;Tienda4;166
Bob;Tienda4;57
Charlie;Tienda3;103
Bob;Tienda3;82
John;Tienda3;294
Alice;Tienda2;225
Bob;Tienda4;126
John;Tienda2;155
John;Tienda1;256
Alice;Tienda2;229
David;Tienda3;253
Charlie;Tienda3;214
Charlie;Tienda3;98
Charlie;Tienda3;170
Charlie;Tienda3;150
Bob;Tienda1;66
Charlie;Tienda3;235
David;Tienda4;95
Alice;Tienda2;185
Bob;Tienda3;105
David;Tienda4;108
Charlie;Tienda3;114
Charlie;Tienda3;84
Bob;Tienda1;235
Bob;Tienda1;240
John;Tienda3;227
Alice;Tienda3;251
David;Tienda3;283
Charlie;Tienda3;191
Alice;Tienda2;106
David;Tienda3;172
Bob;Tienda3;146
Charlie;Tienda3;14
John;Tienda1;209
Bob;Tienda3;251
Charlie;Tienda3;285
Alice;Tienda3;21
John;Tienda3;26
Alice;Tienda2;97
John;Tienda1;219
Charlie;Tienda3;112
Alice;Tienda4;45
Bob;Tienda1;40
David;Tienda3;2
Charlie;Tienda3;46
Alice;Tienda4;153
Alice;Tienda3;162
John;Tienda4;147
Alice;Tienda4;21
Bob;Tienda3;150
Bob;Tienda4;130
John;Tienda3;121
Alice;Tienda3;86
Alice;Tienda4;177
Charlie;Tienda3;73
Alice;Tienda3;16
David;Tienda3;9
Alice;Tienda2;123
Charlie;Tienda3;44
Charlie;Tienda3;223
Bob;Tienda1;85
Charlie;Tienda3;153
Alice;Tienda1;231
Charlie;Tienda3;84
John;Tienda2;253
Alice;Tienda4;239
John;Tienda1;86
Alice;Tienda4;252
Alice;Tienda2;148
Bob;Tienda4;191
David;Tienda3;300
John;Tienda4;81
Bob;Tienda1;220
Alice;Tienda2;93
David;Tienda3;203
Bob;Tienda3;181
David;Tienda4;107
Charlie;Tienda3;179
John;Tienda1;198
David;Tienda3;211
John;Tienda1;75
John;Tienda2;87
Bob;Tienda1;67
Bob;Tienda3;14
Bob;Tienda3;109
David;Tienda3;129
Alice;Tienda2;269
David;Tienda3;30
Bob;Tienda4;87
Charlie;Tienda3;15
Alice;Tienda2;264
Bob;Tienda1;205
Alice;Tienda1;106
Alice;Tienda2;287
Bob;Tienda4;291
John;Tienda1;99
Alice;Tienda1;159
Charlie;Tienda3;258
Charlie;Tienda3;25
Alice;Tienda1;149
John;Tienda3;274
David;Tienda3;211
David;Tienda4;279
Alice;Tienda3;48
Bob;Tienda3;211
Alice;Tienda4;143
Bob;Tienda1;94
Alice;Tienda4;183
Alice;Tienda1;93
Charlie;Tienda3;299
John;Tienda1;169
David;Tienda4;98
Bob;Tienda1;148
John;Tienda2;218
David;Tienda4;119
Charlie;Tienda3;98
Charlie;Tienda3;109
David;Tienda3;151
Charlie;Tienda3;182
John;Tienda4;42
Alice;Tienda4;3
Charlie;Tienda3;58
John;Tienda3;276
Charlie;Tienda3;273
Alice;Tienda1;40
Charlie;Tienda3;125
John;Tienda1;96
Bob;Tienda4;58
Charlie;Tienda3;262
Alice;Tienda1;278
Charlie;Tienda3;297
Charlie;Tienda3;26
Bob;Tienda4;114
John;Tienda2;50
Charlie;Tienda3;128
Bob;Tienda3;222
John;Tienda3;295
David;Tienda4;152
David;Tienda3;286
John;Tienda3;79
Alice;Tienda2;108
Bob;Tienda4;127
Alice;Tienda3;206
Bob;Tienda4;111
Bob;Tienda3;139
Alice;Tienda4;233
Bob;Tienda1;250
Bob;Tienda3;242
Bob;Tienda3;116
John;Tienda3;176
Alice;Tienda1;228
Alice;Tienda3;25
John;Tienda1;258
Alice;Tienda2;55
David;Tienda4;29
John;Tienda4;112
Alice;Tienda4;15
David;Tienda3;189
David;Tienda3;292
Charlie;Tienda3;299
Charlie;Tienda3;297
John;Tienda3;167
David;Tienda3;100
Bob;Tienda4;153
David;Tienda3;140
David;Tienda4;219
John;Tienda4;224
Charlie;Tienda3;112
Charlie;Tienda3;154
Bob;Tienda3;169
John;Tienda3;164
Bob;Tienda3;59
Charlie;Tienda3;204
Charlie;Tienda3;113
David;Tienda4;4
David;Tienda4;50
Charlie;Tienda3;51
Bob;Tienda1;199
Bob;Tienda3;110
David;Tienda4;298
Charlie;Tienda3;81
Alice;Tienda1;33
Alice;Tienda1;17
Alice;Tienda1;259
Charlie;Tienda3;128
Alice;Tienda2;86
David;Tienda3;41
John;Tienda4;78
Charlie;Tienda3;135
David;Tienda4;121
David;Tienda3;8
John;Tienda3;86
John;Tienda2;95
John;Tienda3;215
David;Tienda4;194
David;Tienda3;287
David;Tienda3;109
Bob;Tienda1;127
Alice;Tienda2;297
Alice;Tienda4;69
Bob;Tienda1;105
Bob;Tienda4;16
Charlie;Tienda3;234
David;Tienda4;150
Charlie;Tienda3;46
John;Tienda1;258
John;Tienda2;20
David;Tienda3;67
Alice;Tienda2;59
Alice;Tienda4;279
David;Tienda3;4
Bob;Tienda3;139
Alice;Tienda3;57
John;Tienda3;66
Charlie;Tienda3;74
David;Tienda4;154
Alice;Tienda1;140
John;Tienda3;136
Charlie;Tienda3;84
David;Tienda4;286
Charlie;Tienda3;105
David;Tienda3;74
John;Tienda2;111
John;Tienda4;72
Charlie;Tienda3;266
John;Tienda3;129
Alice;Tienda2;241
Bob;Tienda4;55
Charlie;Tienda3;163
Charlie;Tienda3;46
David;Tienda4;62
Bob;Tienda1;55
Bob;Tienda3;216
John;Tienda1;48
John;Tienda2;161
John;Tienda3;284
David;Tienda3;241
Bob;Tienda4;20
Charlie;Tienda3;231
Alice;Tienda4;224
Charlie;Tienda3;48
Alice;Tienda4;81
David;Tienda4;256
Bob;Tienda3;26
Bob;Tienda3;183
Alice;Tienda2;260
David;Tienda4;129
Bob;Tienda4;173
John;Tienda4;29
Bob;Tienda3;86
David;Tienda4;131
Charlie;Tienda3;85
John;Tienda1;161
Alice;Tienda4;66
John;Tienda1;68
Bob;Tienda3;19
David;Tienda3;298
Bob;Tienda1;300
David;Tienda4;286
Bob;Tienda4;213
Charlie;Tienda3;180
Charlie;Tienda3;95
David;Tienda3;110
John;Tienda1;107
John;Tienda1;220
David;Tienda4;75
Bob;Tienda4;259
Charlie;Tienda3;43
John;Tienda1;177
David;Tienda3;143
David;Tienda3;289
John;Tienda2;89
Charlie;Tienda3;261
Charlie;Tienda3;174
John;Tienda2;294
John;Tienda2;55
David;Tienda3;215
Alice;Tienda4;160
Charlie;Tienda3;137
Charlie;Tienda3;26
Alice;Tienda3;44
Charlie;Tienda3;156
David;Tienda4;259
John;Tienda3;199
Charlie;Tienda3;223
Charlie;Tienda3;84
Bob;Tienda3;46
Alice;Tienda1;297
Charlie;Tienda3;207
Alice;Tienda4;149
Alice;Tienda1;87
John;Tienda1;216
David;Tienda4;285
Bob;Tienda4;154
Bob;Tienda1;248
Charlie;Tienda3;248
John;Tienda2;235
Alice;Tienda2;65
Charlie;Tienda3;223
Charlie;Tienda3;105
David;Tienda4;196
Alice;Tienda1;137
Bob;Tienda1;174
Alice;Tienda4;211
John;Tienda1;69
Bob;Tienda4;92
Bob;Tienda1;194
John;Tienda2;55
John;Tienda2;226
Bob;Tienda4;10
Alice;Tienda4;131
David;Tienda4;235
John;Tienda2;218
Charlie;Tienda3;297
Alice;Tienda2;272
David;Tienda3;197
Charlie;Tienda3;237
David;Tienda4;142
Alice;Tienda4;52
Charlie;Tienda3;9
Alice;Tienda3;98
Alice;Tienda1;214
John;Tienda1;241
Bob;Tienda3;19
Charlie;Tienda3;129
Alice;Tienda4;94
Charlie;Tienda3;241
John;Tienda1;81
Charlie;Tienda3;196
John;Tienda1;69
Charlie;Tienda3;254
Alice;Tienda3;224
Bob;Tienda1;3
Charlie;Tienda3;195
Alice;Tienda2;62
David;Tienda3;22
Alice;Tienda4;15
David;Tienda4;139
David;Tienda4;192
David;Tienda3;263
John;Tienda4;210
Charlie;Tienda3;80
John;Tienda4;78
Bob;Tienda3;34
Charlie;Tienda3;117
David;Tienda3;186
Bob;Tienda1;82
John;Tienda4;151
Charlie;Tienda3;182
David;Tienda3;80
Alice;Tienda1;197
Alice;Tienda4;3
David;Tienda4;41
David;Tienda3;85
John;Tienda2;74
Charlie;Tienda3;135
Charlie;Tienda3;91
Alice;Tienda3;192
Bob;Tienda1;282
John;Tienda3;77
John;Tienda4;151
John;Tienda3;282
Bob;Tienda3;204
Bob;Tienda3;208
Bob;Tienda4;262
Alice;Tienda4;112
Charlie;Tienda3;52
Bob;Tienda4;176
Bob;Tienda4;159
Alice;Tienda2;299
Alice;Tienda1;147
Bob;Tienda4;254
David;Tienda4;253
John;Tienda1;70
Bob;Tienda3;217
David;Tienda3;1
John;Tienda2;54
John;Tienda4;7
John;Tienda2;186
Bob;Tienda4;69
David;Tienda3;292
Alice;Tienda1;258
John;Tienda1;98
John;Tienda2;256
David;Tienda4;8
Alice;Tienda2;17
Bob;Tienda4;161
Charlie;Tienda3;3
Alice;Tienda3;278
Alice;Tienda3;152
Alice;Tienda4;149
Bob;Tienda1;116
Bob;Tienda3;138
Charlie;Tienda3;179
Bob;Tienda1;249
John;Tienda2;30
David;Tienda3;132
Charlie;Tienda3;114
Alice;Tienda2;210
John;Tienda1;142
Alice;Tienda2;269
John;Tienda2;268
Charlie;Tienda3;160
John;Tienda2;129
John;Tienda2;53
John;Tienda1;108
Bob;Tienda4;226
David;Tienda4;188
Charlie;Tienda3;232
John;Tienda2;182
Bob;Tienda3;109
Alice;Tienda2;249
Charlie;Tienda3;171
David;Tienda4;169
Charlie;Tienda3;26
Alice;Tienda4;117
David;Tienda4;170
Bob;Tienda4;92
Charlie;Tienda3;83
John;Tienda4;32
Bob;Tienda1;256
David;Tienda4;273
John;Tienda1;68
Bob;Tienda1;257
John;Tienda4;285
Alice;Tienda1;293
Charlie;Tienda3;29
Bob;Tienda3;195
Charlie;Tienda3;259
Alice;Tienda2;192
David;Tienda3;72
Alice;Tienda2;151
Alice;Tienda2;7
Bob;Tienda4;157
David;Tienda4;226
David;Tienda4;251
Alice;Tienda2;19
Alice;Tienda3;172
Bob;Tienda1;190
Alice;Tienda2;32
David;Tienda3;68
David;Tienda3;239
Alice;Tienda2;245
David;Tienda4;34
Bob;Tienda3;123
John;Tienda2;260
John;Tienda2;288
Alice;Tienda3;20
David;Tienda4;186
David;Tienda4;222
Bob;Tienda4;163
Bob;Tienda4;252
John;Tienda4;263
Alice;Tienda2;260
Alice;Tienda4;103
Bob;Tienda3;262
Alice;Tienda2;210
Bob;Tienda3;287
Charlie;Tienda3;190
John;Tienda3;173
Alice;Tienda1;264
Charlie;Tienda3;174
David;Tienda4;1
David;Tienda3;153
Alice;Tienda2;74
Charlie;Tienda3;194
Charlie;Tienda3;40
David;Tienda3;245
Bob;Tienda4;7
Charlie;Tienda3;214
Charlie;Tienda3;24
David;Tienda4;193
John;Tienda2;117
Alice;Tienda2;65
John;Tienda4;169
Charlie;Tienda3;8
Bob;Tienda1;200
Alice;Tienda4;105
Alice;Tienda1;154
Bob;Tienda4;285
Bob;Tienda3;163
Bob;Tienda3;123
John;Tienda3;1
Alice;Tienda3;39
Charlie;Tienda3;127
Charlie;Tienda3;19
John;Tienda4;286
John;Tienda1;207
David;Tienda4;241
Charlie;Tienda3;272
Bob;Tienda3;202
David;Tienda3;49
John;Tienda2;245
Bob;Tienda3;257
Alice;Tienda2;285
John;Tienda1;108
Bob;Tienda3;219
David;Tienda3;83
Bob;Tienda1;214
Alice;Tienda4;261
Charlie;Tienda3;100
Bob;Tienda4;250
Charlie;Tienda3;206
Bob;Tienda4;67
Bob;Tienda4;20
Charlie;Tienda3;210
John;Tienda1;6
John;Tienda2;39
Bob;Tienda4;215
Alice;Tienda4;55
John;Tienda1;255
John;Tienda3;170
David;Tienda4;163
Charlie;Tienda3;85
Charlie;Tienda3;230
Alice;Tienda2;22
Alice;Tienda4;130
David;Tienda3;112
Bob;Tienda3;184
Bob;Tienda3;207
Charlie;Tienda3;89
Charlie;Tienda3;195
John;Tienda3;273
Charlie;Tienda3;246
John;Tienda1;145
David;Tienda4;86
David;Tienda4;251
Charlie;Tienda3;253
John;Tienda3;99
John;Tienda2;222
Alice;Tienda3;264
Alice;Tienda3;179
David;Tienda3;66
Alice;Tienda4;205
Charlie;Tienda3;135
Charlie;Tienda3;155
Charlie;Tienda3;165
Alice;Tienda4;172
David;Tienda4;207
Charlie;Tienda3;287
Alice;Tienda4;290
David;Tienda3;117
Charlie;Tienda3;103
Charlie;Tienda3;208
Charlie;Tienda3;77
John;Tienda1;4
Charlie;Tienda3;176
David;Tienda3;275
John;Tienda2;283
John;Tienda2;165
John;Tienda3;294
Alice;Tienda1;224
David;Tienda4;246
David;Tienda3;93
John;Tienda1;174
David;Tienda3;273
Alice;Tienda1;83
Alice;Tienda2;290
Alice;Tienda3;189
Alice;Tienda1;203
Charlie;Tienda3;294
John;Tienda4;33
David;Tienda3;52
David;Tienda3;291
Bob;Tienda4;100
Charlie;Tienda3;169
John;Tienda1;109
John;Tienda4;126
John;Tienda4;266
Bob;Tienda1;193
Charlie;Tienda3;58
Bob;Tienda1;111
Bob;Tienda1;119
John;Tienda3;135
Alice;Tienda1;92
Alice;Tienda4;236
Charlie;Tienda3;64
Charlie;Tienda3;98
Bob;Tienda1;285
David;Tienda4;135
Charlie;Tienda3;100
Bob;Tienda4;165
Alice;Tienda1;280
Alice;Tienda2;157
David;Tienda4;3
Charlie;Tienda3;168
John;Tienda4;150
Bob;Tienda1;199
Alice;Tienda3;104
Charlie;Tienda3;158
Bob;Tienda3;241
Bob;Tienda1;41
Charlie;Tienda3;58
David;Tienda4;210
John;Tienda3;121
David;Tienda3;196
David;Tienda4;197
Bob;Tienda1;282
Bob;Tienda4;193
David;Tienda3;123
Alice;Tienda1;147
David;Tienda3;183
Charlie;Tienda3;194
Alice;Tienda2;92
Alice;Tienda3;180
David;Tienda3;104
David;Tienda3;35
Alice;Tienda3;247
Bob;Tienda3;300
John;Tienda1;255
Charlie;Tienda3;144
Alice;Tienda1;287
David;Tienda3;226
Bob;Tienda3;242
John;Tienda2;50
David;Tienda4;263
Bob;Tienda1;74
Charlie;Tienda3;105
John;Tienda3;24
Bob;Tienda1;150
Charlie;Tienda3;59
Charlie;Tienda3;286
Bob;Tienda3;72
Bob;Tienda1;5
John;Tienda1;292
Alice;Tienda2;293
Bob;Tienda4;16
Alice;Tienda4;82
Alice;Tienda3;284
Charlie;Tienda3;44
Alice;Tienda1;49
Charlie;Tienda3;167
John;Tienda2;242
Alice;Tienda4;283
Alice;Tienda1;218
Bob;Tienda4;192
Charlie;Tienda3;273
Bob;Tienda1;274
Bob;Tienda1;109
Alice;Tienda2;179
David;Tienda4;232
Bob;Tienda4;130
John;Tienda1;100
Bob;Tienda1;203
Charlie;Tienda3;236
David;Tienda3;116
Charlie;Tienda3;195
John;Tienda4;57
John;Tienda3;242
Bob;Tienda1;134
Bob;Tienda1;258
Charlie;Tienda3;191
John;Tienda1;128
Bob;Tienda1;162
John;Tienda1;273
Bob;Tienda1;274
Bob;Tienda4;27
Bob;Tienda1;54
David;Tienda3;261
Bob;Tienda3;286
Charlie;Tienda3;125
David;Tienda3;268
Alice;Tienda3;245
David;Tienda4;273
David;Tienda3;46
Alice;Tienda4;159
Alice;Tienda3;54
Alice;Tienda2;285
David;Tienda3;34
Bob;Tienda4;274
David;Tienda3;227
Alice;Tienda2;196
John;Tienda1;279
Bob;Tienda4;80
David;Tienda3;20
Charlie;Tienda3;97
Alice;Tienda1;202
John;Tienda4;266
David;Tienda4;299
David;Tienda3;274
David;Tienda4;122
Charlie;Tienda3;126
Bob;Tienda1;17
Alice;Tienda4;97
David;Tienda3;17
David;Tienda3;46
David;Tienda3;12
John;Tienda4;151
Charlie;Tienda3;122
John;Tienda3;59
John;Tienda3;193
Bob;Tienda4;226
Alice;Tienda1;203
Charlie;Tienda3;167
David;Tienda3;18
Charlie;Tienda3;158
John;Tienda4;3
Bob;Tienda1;91
John;Tienda2;80
Alice;Tienda3;288
Bob;Tienda3;16
Charlie;Tienda3;93
Alice;Tienda2;228
Charlie;Tienda3;63
John;Tienda2;178
David;Tienda4;97
David;Tienda3;22
Charlie;Tienda3;77
David;Tienda4;255
David;Tienda4;273
David;Tienda4;197
Charlie;Tienda3;219
Bob;Tienda4;49
David;Tienda3;273
David;Tienda4;92
Alice;Tienda3;56
Charlie;Tienda3;284
David;Tienda4;40
Alice;Tienda2;116
Charlie;Tienda3;81
Bob;Tienda4;295
Alice;Tienda4;149
John;Tienda3;30
David;Tienda3;141
Bob;Tienda1;67
Bob;Tienda3;204
Charlie;Tienda3;286
John;Tienda3;19
Charlie;Tienda3;173
Bob;Tienda1;258
Charlie;Tienda3;138
Charlie;Tienda3;209
Alice;Tienda4;248
Charlie;Tienda3;25
David;Tienda3;220
Bob;Tienda4;225
Alice;Tienda2;124
John;Tienda3;134
Alice;Tienda3;88
Bob;Tienda3;278
Charlie;Tienda3;38
Bob;Tienda1;55
John;Tienda3;76
John;Tienda4;219
John;Tienda2;161
John;Tienda1;191
Alice;Tienda2;170
John;Tienda2;102
John;Tienda2;291
David;Tienda4;98
John;Tienda4;283
David;Tienda4;36
David;Tienda4;231
John;Tienda3;265
John;Tienda2;1
Charlie;Tienda3;58
David;Tienda3;29
David;Tienda3;284
Bob;Tienda1;30
David;Tienda4;161
David;Tienda4;210
David;Tienda4;61
Bob;Tienda3;37
Charlie;Tienda3;101
David;Tienda4;149
Charlie;Tienda3;53
John;Tienda4;222
Bob;Tienda1;48
Bob;Tienda1;60
Alice;Tienda4;199
Charlie;Tienda3;249
Charlie;Tienda3;293
David;Tienda3;29
Charlie;Tienda3;133
John;Tienda2;6
Charlie;Tienda3;171
Bob;Tienda4;33
David;Tienda3;248
Alice;Tienda1;2
Alice;Tienda3;204
Alice;Tienda2;77
John;Tienda1;228
Alice;Tienda2;78
Alice;Tienda1;172
Alice;Tienda3;139
Bob;Tienda1;9
David;Tienda3;250
David;Tienda4;182
Alice;Tienda3;96
Alice;Tienda2;44
David;Tienda3;155
David;Tienda4;237
Charlie;Tienda3;91
Charlie;Tienda3;290
Charlie;Tienda3;167
David;Tienda3;137
David;Tienda4;209
Charlie;Tienda3;129
John;Tienda2;59
Bob;Tienda4;171
David;Tienda4;153
Alice;Tienda2;238
David;Tienda4;237
Alice;Tienda1;177
John;Tienda4;204
David;Tienda4;154
John;Tienda4;258
David;Tienda3;198
David;Tienda3;256
Alice;Tienda2;118
Alice;Tienda3;23
John;Tienda1;264
David;Tienda4;1
Charlie;Tienda3;23
Alice;Tienda3;43
John;Tienda1;80
Charlie;Tienda3;15
Charlie;Tienda3;104
Alice;Tienda4;91
John;Tienda4;85
Bob;Tienda3;192
David;Tienda4;154
Charlie;Tienda3;212
John;Tienda4;181
David;Tienda4;201
Charlie;Tienda3;81
Charlie;Tienda3;30
John;Tienda1;11
Alice;Tienda3;142
Bob;Tienda4;211
Bob;Tienda4;128
Bob;Tienda4;71
Bob;Tienda4;38
Bob;Tienda4;143
John;Tienda3;68
Bob;Tienda4;238
David;Tienda4;260
Alice;Tienda4;276
David;Tienda4;57
David;Tienda3;149
Alice;Tienda2;80
David;Tienda4;18
Alice;Tienda1;256
Bob;Tienda3;246
Bob;Tienda3;183
David;Tienda4;296
Bob;Tienda1;150
Bob;Tienda1;44
Charlie;Tienda3;261
Bob;Tienda3;159
David;Tienda3;235
Charlie;Tienda3;231
Alice;Tienda1;184
John;Tienda2;259
Alice;Tienda4;88
Alice;Tienda3;129
Alice;Tienda3;87
David;Tienda4;27
John;Tienda3;146
Charlie;Tienda3;84
Charlie;Tienda3;105
Charlie;Tienda3;78
Alice;Tienda3;247
Alice;Tienda1;146
Bob;Tienda4;167
Bob;Tienda1;25
Alice;Tienda4;80
John;Tienda3;137
Bob;Tienda4;281
Bob;Tienda4;297
Bob;Tienda1;147
John;Tienda2;74
Alice;Tienda4;202
Bob;Tienda3;36
Bob;Tienda1;81
Alice;Tienda1;19
John;Tienda1;92
Charlie;Tienda3;138
Charlie;Tienda3;233
Alice;Tienda4;89
Charlie;Tienda3;84
John;Tienda1;101
John;Tienda4;208
John;Tienda1;270
Bob;Tienda3;142
Alice;Tienda4;43
Alice;Tienda1;2
Alice;Tienda3;291
Bob;Tienda3;283
John;Tienda2;157
Alice;Tienda1;42
David;Tienda3;127
Alice;Tienda2;219
Bob;Tienda3;176
David;Tienda4;299
David;Tienda3;126
David;Tienda3;119
Alice;Tienda4;230
Charlie;Tienda3;4
Alice;Tienda1;185
John;Tienda2;215
Alice;Tienda4;249
Charlie;Tienda3;134
Charlie;Tienda3;207
John;Tienda4;103
John;Tienda1;80
David;Tienda3;82
Bob;Tienda4;153
Alice;Tienda3;39
Charlie;Tienda3;173
Bob;Tienda3;119
David;Tienda4;235
Alice;Tienda3;148
Charlie;Tienda3;123
Charlie;Tienda3;279
David;Tienda4;191
Charlie;Tienda3;280
Bob;Tienda4;68
Alice;Tienda1;300
Bob;Tienda3;21
Bob;Tienda1;286
David;Tienda3;116
Bob;Tienda4;5
Charlie;Tienda3;238
Bob;Tienda4;21
Alice;Tienda2;257
Bob;Tienda4;18
Charlie;Tienda3;87
Alice;Tienda2;12
Alice;Tienda3;241
Alice;Tienda1;286
Charlie;Tienda3;46
Bob;Tienda4;64
Charlie;Tienda3;56
Charlie;Tienda3;119
Charlie;Tienda3;281
David;Tienda4;193
Alice;Tienda3;86
Bob;Tienda4;86
Charlie;Tienda3;33
John;Tienda1;97
Alice;Tienda3;259
Alice;Tienda4;178
John;Tienda2;101
Alice;Tienda3;29
Alice;Tienda2;271
David;Tienda3;196
Charlie;Tienda3;40
Charlie;Tienda3;65
David;Tienda4;267
David;Tienda4;180
John;Tienda3;199
Alice;Tienda1;2
Charlie;Tienda3;163
David;Tienda3;91
Bob;Tienda1;295
David;Tienda4;258
David;Tienda3;116
David;Tienda4;164
John;Tienda3;180
Charlie;Tienda3;41
Alice;Tienda3;182
Bob;Tienda4;176
Bob;Tienda1;50
Bob;Tienda3;193
Charlie;Tienda3;166
Charlie;Tienda3;76
Charlie;Tienda3;139
David;Tienda3;155
Alice;Tienda1;264
Alice;Tienda3;106
John;Tienda1;188
Bob;Tienda1;191
Bob;Tienda4;248
Alice;Tienda1;112
Bob;Tienda1;8
David;Tienda3;8
Bob;Tienda3;9
Bob;Tienda3;113
David;Tienda4;286
Bob;Tienda1;83
John;Tienda4;218
Charlie;Tienda3;65
Alice;Tienda4;226
Bob;Tienda1;247
Bob;Tienda3;150
Charlie;Tienda3;19
Alice;Tienda1;67
Bob;Tienda1;27
Bob;Tienda4;190
John;Tienda4;188
John;Tienda2;180
Charlie;Tienda3;203
Alice;Tienda2;256
Alice;Tienda3;55
Bob;Tienda4;245
John;Tienda2;27
David;Tienda4;93
Bob;Tienda1;166
Alice;Tienda4;199
David;Tienda4;208
David;Tienda3;196
John;Tienda3;43
Alice;Tienda1;18
Alice;Tienda2;243
Alice;Tienda1;36
David;Tienda3;226
Alice;Tienda4;17
Charlie;Tienda3;262
Alice;Tienda3;159
David;Tienda3;193
John;Tienda2;23
Bob;Tienda4;264
Bob;Tienda3;81
Charlie;Tienda3;103
David;Tienda3;57
Charlie;Tienda3;269
Alice;Tienda3;145
Alice;Tienda4;203
David;Tienda3;255
David;Tienda3;293
Charlie;Tienda3;141
John;Tienda3;135
Bob;Tienda4;243
Alice;Tienda2;128
John;Tienda4;162
Charlie;Tienda3;27
Charlie;Tienda3;117
Charlie;Tienda3;90
Alice;Tienda3;134
Charlie;Tienda3;50
Alice;Tienda2;92
Bob;Tienda1;274
John;Tienda1;233
Alice;Tienda3;49
Charlie;Tienda3;143
Alice;Tienda2;109
John;Tienda1;131
Alice;Tienda1;127
Alice;Tienda1;117
Alice;Tienda1;217
David;Tienda4;91
John;Tienda4;114
John;Tienda3;45
John;Tienda4;105
Charlie;Tienda3;98
Bob;Tienda4;57
Charlie;Tienda3;140
Charlie;Tienda3;172
Alice;Tienda3;136
Charlie;Tienda3;105
Alice;Tienda1;268
Bob;Tienda1;37
David;Tienda4;95
David;Tienda3;218
Alice;Tienda2;94
Bob;Tienda1;2
David;Tienda4;283
John;Tienda3;185
Bob;Tienda4;101
Bob;Tienda3;258
David;Tienda3;246
John;Tienda2;103
David;Tienda3;99
John;Tienda1;65
Charlie;Tienda3;196
Charlie;Tienda3;103
John;Tienda2;190
Alice;Tienda1;42
Bob;Tienda4;73
Alice;Tienda2;153
Bob;Tienda3;41
John;Tienda3;188
Bob;Tienda3;120
John;Tienda1;128
Alice;Tienda2;142
Bob;Tienda3;93
Charlie;Tienda3;188
John;Tienda3;176
John;Tienda3;249
Alice;Tienda2;279
Alice;Tienda2;53
David;Tienda4;245
John;Tienda1;298
Alice;Tienda4;281
David;Tienda4;49
David;Tienda3;8
Alice;Tienda2;92
Bob;Tienda3;51
Alice;Tienda3;292
David;Tienda3;25
David;Tienda4;203
Charlie;Tienda3;128
David;Tienda3;238
David;Tienda3;247
John;Tienda4;52
Bob;Tienda1;206
Charlie;Tienda3;104
Charlie;Tienda3;123
John;Tienda3;232
Alice;Tienda2;267
Charlie;Tienda3;206
Alice;Tienda3;107
Alice;Tienda1;219
Charlie;Tienda3;245
David;Tienda4;184
Charlie;Tienda3;7
Charlie;Tienda3;238
David;Tienda4;174
John;Tienda3;7
David;Tienda4;76
Charlie;Tienda3;276
Bob;Tienda3;170
David;Tienda4;194
John;Tienda3;58
David;Tienda3;86
John;Tienda3;69
John;Tienda3;88
Bob;Tienda3;93
David;Tienda4;150
David;Tienda4;37
Alice;Tienda2;19
Bob;Tienda1;81
Alice;Tienda2;280
John;Tienda2;177
David;Tienda4;195
Bob;Tienda4;133
John;Tienda4;98
David;Tienda4;195
John;Tienda1;126
John;Tienda4;217
Charlie;Tienda3;213
Alice;Tienda2;165
Alice;Tienda1;111
Bob;Tienda1;207
Alice;Tienda4;219
Bob;Tienda3;10
David;Tienda4;236
David;Tienda4;5
Alice;Tienda3;164
Alice;Tienda3;229
Alice;Tienda1;31
Bob;Tienda3;266
David;Tienda3;131
Alice;Tienda1;54
John;Tienda4;8
Charlie;Tienda3;182
John;Tienda4;64
David;Tienda4;278
David;Tienda4;175
Alice;Tienda3;161
Alice;Tienda3;115
David;Tienda3;96
John;Tienda3;237
Bob;Tienda4;193
Bob;Tienda1;103
Alice;Tienda2;236
Bob;Tienda3;243
David;Tienda4;7
Charlie;Tienda3;106
Alice;Tienda4;72
John;Tienda3;126
Charlie;Tienda3;192
Charlie;Tienda3;115
Bob;Tienda3;299
Charlie;Tienda3;126
David;Tienda3;28
Bob;Tienda1;53
Charlie;Tienda3;222
Alice;Tienda4;266
Bob;Tienda1;272
Alice;Tienda2;12
Charlie;Tienda3;257
Alice;Tienda2;43
John;Tienda3;238
Bob;Tienda4;56
Alice;Tienda3;264
Alice;Tienda3;205
Charlie;Tienda3;110
David;Tienda3;154
David;Tienda3;182
John;Tienda2;275
Charlie;Tienda3;46
Alice;Tienda4;248
Alice;Tienda3;130
John;Tienda2;224
David;Tienda4;223
Charlie;Tienda3;255
John;Tienda3;135
John;Tienda2;268
Alice;Tienda4;88
David;Tienda3;216
Bob;Tienda1;282
John;Tienda1;109
Charlie;Tienda3;93
Alice;Tienda2;144
Bob;Tienda4;185
John;Tienda2;294
John;Tienda3;47
David;Tienda4;73
Bob;Tienda4;219
Bob;Tienda3;117
David;Tienda4;87
Charlie;Tienda3;285
Charlie;Tienda3;286
Alice;Tienda2;156
Charlie;Tienda3;119
Alice;Tienda4;96
Bob;Tienda1;267
Bob;Tienda1;238
Charlie;Tienda3;283
Bob;Tienda3;93
Charlie;Tienda3;227
David;Tienda4;105
David;Tienda4;177
Charlie;Tienda3;123
John;Tienda4;46
John;Tienda1;187
Charlie;Tienda3;173
John;Tienda2;147
Charlie;Tienda3;256
John;Tienda3;180
Charlie;Tienda3;95
Alice;Tienda4;105
John;Tienda2;4
David;Tienda3;179
Alice;Tienda3;51
John;Tienda2;188
David;Tienda4;236
David;Tienda3;23
Bob;Tienda3;120
Charlie;Tienda3;159
John;Tienda4;161
Charlie;Tienda3;185
Alice;Tienda1;126
Charlie;Tienda3;40
Alice;Tienda1;149
David;Tienda4;214
Charlie;Tienda3;14
Alice;Tienda1;105
David;Tienda4;68
Charlie;Tienda3;201
John;Tienda2;273
Bob;Tienda4;137
Charlie;Tienda3;282
Bob;Tienda3;39
Charlie;Tienda3;52
John;Tienda1;283
Alice;Tienda1;162
Alice;Tienda4;171
David;Tienda4;80
Bob;Tienda3;296
Charlie;Tienda3;160
Alice;Tienda3;97
Charlie;Tienda3;103
John;Tienda2;299
Charlie;Tienda3;216
John;Tienda3;125
John;Tienda1;281
Alice;Tienda2;146
Bob;Tienda1;1
David;Tienda4;135
Bob;Tienda1;271
Bob;Tienda1;145
David;Tienda4;68
Charlie;Tienda3;135
David;Tienda3;56
Charlie;Tienda3;189
Charlie;Tienda3;38
Charlie;Tienda3;32
David;Tienda3;271
John;Tienda4;232
Alice;Tienda4;140
Bob;Tienda1;280
John;Tienda3;206
Alice;Tienda2;99
Charlie;Tienda3;298
Charlie;Tienda3;74
David;Tienda3;143
Alice;Tienda4;49
Charlie;Tienda3;104
Bob;Tienda3;98
Bob;Tienda3;22
Alice;Tienda3;13
David;Tienda4;22
John;Tienda1;220
Alice;Tienda4;33
David;Tienda3;168
David;Tienda4;72
David;Tienda3;54
Alice;Tienda2;240
David;Tienda3;44
Charlie;Tienda3;239
Alice;Tienda1;139
Charlie;Tienda3;292
Bob;Tienda3;76
David;Tienda3;205
Bob;Tienda3;143
John;Tienda1;102
Bob;Tienda4;141
Alice;Tienda2;109
Bob;Tienda4;288
Bob;Tienda3;227
Bob;Tienda1;171
John;Tienda2;230
David;Tienda3;259
David;Tienda3;244
Alice;Tienda2;93
John;Tienda4;229
Charlie;Tienda3;87
Charlie;Tienda3;185
Bob;Tienda3;279
John;Tienda1;11
Charlie;Tienda3;132
Alice;Tienda4;140
Charlie;Tienda3;222
David;Tienda4;238
Charlie;Tienda3;137
Charlie;Tienda3;60
Bob;Tienda4;194
Alice;Tienda4;123
Bob;Tienda1;122
Charlie;Tienda3;254
David;Tienda3;195
Charlie;Tienda3;21
John;Tienda4;203
Charlie;Tienda3;296
Alice;Tienda1;67
Bob;Tienda4;292
Bob;Tienda4;234
Bob;Tienda4;215
John;Tienda1;175
David;Tienda4;264
John;Tienda2;80
David;Tienda4;34
Bob;Tienda1;128
Alice;Tienda4;179
John;Tienda1;54
Bob;Tienda1;258
John;Tienda3;103
John;Tienda4;9
Charlie;Tienda3;60
David;Tienda4;195
John;Tienda2;127
Charlie;Tienda3;300
Alice;Tienda4;280
John;Tienda1;90
Charlie;Tienda3;153
Alice;Tienda2;119
Charlie;Tienda3;116
John;Tienda3;207
Alice;Tienda3;1
Bob;Tienda3;148
Alice;Tienda1;184
John;Tienda1;47
Alice;Tienda3;136
Charlie;Tienda3;123
David;Tienda4;13
Alice;Tienda2;248
David;Tienda4;145
Charlie;Tienda3;281
David;Tienda3;124
Bob;Tienda4;163
Alice;Tienda3;16
Bob;Tienda1;175
Bob;Tienda1;134
Bob;Tienda4;100
Bob;Tienda4;139
Charlie;Tienda3;229
Charlie;Tienda3;297
Charlie;Tienda3;19
Charlie;Tienda3;117
Bob;Tienda4;235
Charlie;Tienda3;75
Charlie;Tienda3;230
John;Tienda1;150
David;Tienda3;30
John;Tienda3;270
Charlie;Tienda3;95
Bob;Tienda1;255
David;Tienda3;39
Charlie;Tienda3;135
David;Tienda3;257
John;Tienda1;252
Charlie;Tienda3;119
Charlie;Tienda3;203
Alice;Tienda4;145
John;Tienda1;193
Charlie;Tienda3;236
Charlie;Tienda3;162
Charlie;Tienda3;180
John;Tienda1;242
Alice;Tienda4;40
Bob;Tienda4;275
Alice;Tienda4;23
Bob;Tienda3;244
David;Tienda3;297
John;Tienda1;184
David;Tienda3;19
Bob;Tienda1;213
David;Tienda3;109
Bob;Tienda3;291
David;Tienda4;77
Charlie;Tienda3;142
Alice;Tienda4;16
Bob;Tienda3;153
Alice;Tienda1;296
Bob;Tienda3;231
Bob;Tienda3;245
Charlie;Tienda3;35
John;Tienda2;119
David;Tienda4;250
Bob;Tienda1;232
David;Tienda3;121
David;Tienda3;197
Alice;Tienda1;184
Charlie;Tienda3;79
John;Tienda3;258
Charlie;Tienda3;175
John;Tienda2;169
David;Tienda3;239
David;Tienda4;147
Alice;Tienda1;266
John;Tienda2;178
Alice;Tienda4;241
Charlie;Tienda3;149
Charlie;Tienda3;224
Charlie;Tienda3;203
Charlie;Tienda3;9
David;Tienda3;265
Charlie;Tienda3;183
David;Tienda4;85
Bob;Tienda1;86
Charlie;Tienda3;245
Charlie;Tienda3;236
David;Tienda3;290
Charlie;Tienda3;8
John;Tienda2;152
John;Tienda1;130
John;Tienda4;90
Alice;Tienda3;96
Alice;Tienda2;89
Alice;Tienda2;298
John;Tienda4;60
John;Tienda1;289
Charlie;Tienda3;271
Charlie;Tienda3;253
John;Tienda1;129
Alice;Tienda1;82
Charlie;Tienda3;145
Alice;Tienda2;282
John;Tienda4;13
John;Tienda2;82
Bob;Tienda4;16
Charlie;Tienda3;22
Bob;Tienda1;92
John;Tienda3;201
Alice;Tienda2;182
Charlie;Tienda3;194
John;Tienda4;157
John;Tienda1;134
John;Tienda4;115
Bob;Tienda1;270
Alice;Tienda3;258
Bob;Tienda1;101
Alice;Tienda4;5
John;Tienda2;4
John;Tienda1;10
Charlie;Tienda3;226
Charlie;Tienda3;37
Alice;Tienda2;128
Bob;Tienda4;261
Charlie;Tienda3;122
John;Tienda1;288
Alice;Tienda1;19
Charlie;Tienda3;72
David;Tienda4;105
Charlie;Tienda3;206
Bob;Tienda4;272
John;Tienda3;93
Bob;Tienda1;273
Charlie;Tienda3;134
Alice;Tienda2;132
Bob;Tienda3;112
Bob;Tienda3;59
Bob;Tienda3;50
Bob;Tienda3;223
David;Tienda3;102
Bob;Tienda4;261
Bob;Tienda4;71
David;Tienda3;283
Bob;Tienda1;90
Bob;Tienda1;6
David;Tienda3;225
Alice;Tienda2;50
David;Tienda4;37
Bob;Tienda4;139
Charlie;Tienda3;9
Bob;Tienda4;52
Charlie;Tienda3;296
David;Tienda4;38
David;Tienda3;110
Bob;Tienda3;282
Charlie;Tienda3;242
John;Tienda1;98
Charlie;Tienda3;128
David;Tienda4;191
David;Tienda4;163
Bob;Tienda1;298
Charlie;Tienda3;39
Charlie;Tienda3;74
Bob;Tienda1;172
Bob;Tienda3;73
John;Tienda2;121
David;Tienda3;272
Alice;Tienda1;55
Alice;Tienda3;52
John;Tienda3;31
David;Tienda3;98
Bob;Tienda4;268
Alice;Tienda4;11
John;Tienda3;40
Bob;Tienda1;9
David;Tienda3;58
David;Tienda3;18
Bob;Tienda3;12
David;Tienda4;25
John;Tienda3;152
John;Tienda3;288
David;Tienda4;212
Charlie;Tienda3;106
David;Tienda4;264
David;Tienda3;24
Bob;Tienda1;55
Bob;Tienda1;269
John;Tienda4;80
Alice;Tienda2;101
Bob;Tienda3;286
Charlie;Tienda3;222
Bob;Tienda3;65
John;Tienda3;150
David;Tienda3;284
Charlie;Tienda3;269
Charlie;Tienda3;263
Bob;Tienda4;22
Charlie;Tienda3;269
John;Tienda2;213
Charlie;Tienda3;173
Bob;Tienda3;125
Bob;Tienda3;4
David;Tienda4;225
Alice;Tienda3;155
Alice;Tienda4;5
Bob;Tienda4;22
David;Tienda3;191
Bob;Tienda3;236
Alice;Tienda3;70
David;Tienda3;192
Charlie;Tienda3;36
John;Tienda1;187
John;Tienda2;148
Charlie;Tienda3;80
Charlie;Tienda3;108
Bob;Tienda1;208
Charlie;Tienda3;158
Alice;Tienda2;199
Bob;Tienda3;108
Alice;Tienda2;187
David;Tienda4;28
Charlie;Tienda3;180
David;Tienda3;68
Alice;Tienda1;47
Charlie;Tienda3;132
Alice;Tienda3;177
Bob;Tienda1;184
John;Tienda4;288
Alice;Tienda2;230
Alice;Tienda2;88
David;Tienda4;270
Alice;Tienda2;105
Bob;Tienda1;287
John;Tienda2;252
Charlie;Tienda3;40
David;Tienda4;211
Charlie;Tienda3;150
Charlie;Tienda3;107
Charlie;Tienda3;267
John;Tienda1;69
David;Tienda4;28
Charlie;Tienda3;81
Bob;Tienda3;179
David;Tienda3;294
Alice;Tienda2;212
Bob;Tienda3;128
David;Tienda3;208
Alice;Tienda4;134
John;Tienda1;27
John;Tienda1;6
Charlie;Tienda3;279
Bob;Tienda4;13
Bob;Tienda4;109
John;Tienda4;98
Alice;Tienda1;29
David;Tienda4;130
Charlie;Tienda3;213
Alice;Tienda2;69
Charlie;Tienda3;59
Charlie;Tienda3;296
David;Tienda3;274
David;Tienda3;45
David;Tienda4;22
John;Tienda3;73
Bob;Tienda4;162
John;Tienda1;199
Charlie;Tienda3;72
David;Tienda3;219
John;Tienda4;115
Alice;Tienda1;155
Bob;Tienda3;48
Alice;Tienda3;223
John;Tienda1;33
Alice;Tienda4;23
Alice;Tienda1;195
David;Tienda3;94
John;Tienda2;62
Charlie;Tienda3;205
Alice;Tienda1;127
Charlie;Tienda3;88
David;Tienda4;122
Alice;Tienda4;198
Bob;Tienda4;159
Charlie;Tienda3;138
John;Tienda4;68
David;Tienda3;20
David;Tienda4;118
David;Tienda4;213
David;Tienda3;96
Alice;Tienda4;136
Alice;Tienda1;287
Bob;Tienda4;181
Alice;Tienda2;210
John;Tienda3;183
Bob;Tienda3;285
John;Tienda4;263
Alice;Tienda4;14
Alice;Tienda4;265
Bob;Tienda1;120
John;Tienda1;145
Alice;Tienda2;268
Bob;Tienda3;36
John;Tienda2;210
David;Tienda3;16
David;Tienda3;208
David;Tienda3;141
David;Tienda3;253
Charlie;Tienda3;207
Alice;Tienda2;167
David;Tienda4;87
Bob;Tienda1;106
Bob;Tienda4;9
Alice;Tienda1;226
Bob;Tienda4;104
David;Tienda3;276
David;Tienda4;37
Alice;Tienda2;87
David;Tienda4;52
Charlie;Tienda3;13
Bob;Tienda1;80
John;Tienda3;182
David;Tienda4;32
Bob;Tienda1;75
David;Tienda3;259
Bob;Tienda4;212
John;Tienda2;141
Bob;Tienda3;158
Charlie;Tienda3;179
Bob;Tienda1;132
Bob;Tienda4;174
David;Tienda3;298
David;Tienda4;129
John;Tienda3;273
Charlie;Tienda3;38
Charlie;Tienda3;290
David;Tienda4;79
Charlie;Tienda3;185
Bob;Tienda4;148
David;Tienda3;39
David;Tienda4;115
John;Tienda4;33
John;Tienda1;235
John;Tienda2;206
John;Tienda2;92
David;Tienda4;2
Bob;Tienda4;177
Charlie;Tienda3;58
David;Tienda3;47
David;Tienda3;159
Charlie;Tienda3;143
Charlie;Tienda3;130
Alice;Tienda4;265
Alice;Tienda3;43
Bob;Tienda3;38
Charlie;Tienda3;188
Charlie;Tienda3;80
Charlie;Tienda3;236
Charlie;Tienda3;134
David;Tienda4;137
Alice;Tienda1;170
Charlie;Tienda3;109
Bob;Tienda3;242
John;Tienda2;280
David;Tienda4;142
Alice;Tienda3;219
John;Tienda4;67
Alice;Tienda4;69
Bob;Tienda3;107
John;Tienda1;137
David;Tienda4;111
Alice;Tienda4;237
Charlie;Tienda3;23
Charlie;Tienda3;66
Alice;Tienda4;259
David;Tienda3;125
John;Tienda4;127
David;Tienda4;121
David;Tienda4;166
David;Tienda3;280
Charlie;Tienda3;278
John;Tienda2;145
John;Tienda3;69
Charlie;Tienda3;209
Bob;Tienda4;166
Alice;Tienda4;39
John;Tienda4;282
Bob;Tienda1;64
John;Tienda1;237
Charlie;Tienda3;152
Bob;Tienda3;113
Charlie;Tienda3;170
John;Tienda2;131
David;Tienda4;190
David;Tienda4;245
David;Tienda4;107
Alice;Tienda1;249
Alice;Tienda1;198
Charlie;Tienda3;164
John;Tienda1;281
David;Tienda4;94
David;Tienda3;56
Bob;Tienda3;158
John;Tienda2;30
Bob;Tienda4;174
David;Tienda4;100
Charlie;Tienda3;103
Charlie;Tienda3;78
Charlie;Tienda3;98
Charlie;Tienda3;268
David;Tienda3;261
David;Tienda4;98
Bob;Tienda4;211
John;Tienda3;232
Bob;Tienda1;206
Bob;Tienda3;124
David;Tienda4;248
Alice;Tienda3;151
Alice;Tienda2;125
John;Tienda4;218
Charlie;Tienda3;70
Alice;Tienda1;134
Alice;Tienda2;189
Bob;Tienda3;51
Alice;Tienda4;16
Bob;Tienda3;196
Bob;Tienda1;33
David;Tienda4;36
David;Tienda4;34
John;Tienda2;136
David;Tienda3;239
David;Tienda3;124
Charlie;Tienda3;135
John;Tienda3;147
Alice;Tienda2;82
Alice;Tienda2;182
David;Tienda3;177
David;Tienda3;268
Alice;Tienda3;80
Charlie;Tienda3;1
David;Tienda4;66
Bob;Tienda3;121
Alice;Tienda3;22
John;Tienda2;28
Bob;Tienda1;165
Charlie;Tienda3;180
Alice;Tienda1;176
John;Tienda1;158
David;Tienda4;114
Alice;Tienda2;37
Alice;Tienda4;97
Bob;Tienda3;211
John;Tienda2;236
David;Tienda3;91
Charlie;Tienda3;287
Bob;Tienda3;31
David;Tienda3;229
Bob;Tienda1;188
Charlie;Tienda3;264
John;Tienda3;108
David;Tienda4;151
John;Tienda1;250
Charlie;Tienda3;65
Alice;Tienda4;139
David;Tienda4;39
John;Tienda3;224
Alice;Tienda3;126
Alice;Tienda3;252
Bob;Tienda4;127
Charlie;Tienda3;71
John;Tienda2;35
Charlie;Tienda3;247
Alice;Tienda4;50
David;Tienda4;74
John;Tienda4;295
Charlie;Tienda3;224
Charlie;Tienda3;299
David;Tienda4;233
David;Tienda3;233
David;Tienda3;227
John;Tienda3;247
Bob;Tienda3;134
Alice;Tienda2;66
David;Tienda4;19
Charlie;Tienda3;159
Alice;Tienda2;132
David;Tienda4;202
David;Tienda4;68
Alice;Tienda4;182
John;Tienda1;16
Bob;Tienda3;194
John;Tienda4;221
Charlie;Tienda3;194
John;Tienda2;265
Alice;Tienda4;99
Bob;Tienda1;27
Alice;Tienda4;173
David;Tienda3;262
David;Tienda3;95
Bob;Tienda3;163
Charlie;Tienda3;212
John;Tienda2;266
Alice;Tienda1;271
John;Tienda2;89
Charlie;Tienda3;272
Charlie;Tienda3;161
David;Tienda3;181
David;Tienda3;239
Bob;Tienda1;102
Bob;Tienda3;295
Alice;Tienda1;114
David;Tienda3;115
John;Tienda3;237
Charlie;Tienda3;189
Charlie;Tienda3;71
Bob;Tienda1;93
Bob;Tienda3;168
John;Tienda4;198
David;Tienda3;22
Bob;Tienda3;241
Alice;Tienda3;96
John;Tienda3;38
Alice;Tienda1;33
David;Tienda3;108
Bob;Tienda3;157
Bob;Tienda1;292
Alice;Tienda1;239
John;Tienda4;171
David;Tienda3;39
David;Tienda3;159
Charlie;Tienda3;135
David;Tienda4;259
David;Tienda4;278
David;Tienda3;169
Bob;Tienda1;219
Bob;Tienda4;212
John;Tienda2;13
Alice;Tienda4;101
Charlie;Tienda3;211
Alice;Tienda2;49
John;Tienda4;165
David;Tienda4;69
David;Tienda4;78
Alice;Tienda2;29
David;Tienda4;254
David;Tienda3;63
Charlie;Tienda3;75
Alice;Tienda3;58
Alice;Tienda4;46
Alice;Tienda4;5
Alice;Tienda2;58
Alice;Tienda3;189
Alice;Tienda2;69
Alice;Tienda2;231
Bob;Tienda3;139
Alice;Tienda1;285
John;Tienda4;200
Alice;Tienda4;74
Bob;Tienda4;161
David;Tienda4;25
Bob;Tienda3;52
John;Tienda1;107
Alice;Tienda4;254
Charlie;Tienda3;136
John;Tienda2;73
Bob;Tienda1;43
David;Tienda4;46
Charlie;Tienda3;171
Alice;Tienda3;115
Charlie;Tienda3;204
David;Tienda4;46
John;Tienda2;132
Alice;Tienda4;299
Bob;Tienda3;48
Bob;Tienda3;45
Alice;Tienda3;23
John;Tienda1;202
Bob;Tienda4;264
Alice;Tienda1;173
Alice;Tienda1;179
Charlie;Tienda3;51
Alice;Tienda3;40
Alice;Tienda3;70
Alice;Tienda1;140
Alice;Tienda4;239
John;Tienda1;297
David;Tienda4;154
John;Tienda3;85
Bob;Tienda4;187
Alice;Tienda1;226
John;Tienda3;187
David;Tienda4;236
Alice;Tienda2;98
Charlie;Tienda3;95
David;Tienda3;123
Alice;Tienda2;97
Bob;Tienda3;83
John;Tienda3;228
David;Tienda4;157
David;Tienda3;20
David;Tienda4;71
John;Tienda1;68
Bob;Tienda4;131
Alice;Tienda2;151
David;Tienda3;8
David;Tienda3;240
David;Tienda3;176
David;Tienda3;132
John;Tienda3;249
Bob;Tienda4;160
Charlie;Tienda3;176
John;Tienda4;67
David;Tienda4;166
Alice;Tienda1;200
Charlie;Tienda3;32
John;Tienda1;143
John;Tienda2;251
John;Tienda4;99
David;Tienda4;1
Alice;Tienda3;225
John;Tienda4;247
Charlie;Tienda3;103
David;Tienda3;52
David;Tienda3;274
Charlie;Tienda3;268
Alice;Tienda4;25
Alice;Tienda4;78
Alice;Tienda1;129
Charlie;Tienda3;29
John;Tienda3;129
Bob;Tienda1;112
John;Tienda2;24
David;Tienda4;252
Charlie;Tienda3;64
Charlie;Tienda3;3
David;Tienda4;62
Bob;Tienda4;59
Charlie;Tienda3;63
Charlie;Tienda3;221
Bob;Tienda3;104
John;Tienda4;184
Charlie;Tienda3;70
Bob;Tienda1;46
Bob;Tienda3;238
Charlie;Tienda3;291
Alice;Tienda2;279
Alice;Tienda3;258
John;Tienda1;66
David;Tienda3;70
Bob;Tienda1;116
Bob;Tienda4;88
Charlie;Tienda3;171
David;Tienda3;228
Bob;Tienda3;192
Bob;Tienda4;184
Bob;Tienda3;194
Bob;Tienda4;246
Alice;Tienda1;153
Bob;Tienda1;253
John;Tienda4;13
Bob;Tienda4;115
Charlie;Tienda3;10
Alice;Tienda2;86
John;Tienda3;100
Charlie;Tienda3;249
John;Tienda1;183
David;Tienda3;9
David;Tienda3;104
Alice;Tienda3;259
Bob;Tienda4;116
Bob;Tienda1;100
John;Tienda2;298
John;Tienda3;222
Alice;Tienda3;127
Alice;Tienda4;88
Alice;Tienda1;263
David;Tienda3;186
Alice;Tienda1;67
Alice;Tienda1;123
Bob;Tienda1;144
Charlie;Tienda3;221
David;Tienda3;142
David;Tienda3;49
Alice;Tienda1;148
Charlie;Tienda3;28
Bob;Tienda4;88
David;Tienda3;222
Alice;Tienda4;102
David;Tienda4;191
Bob;Tienda4;45
Bob;Tienda4;294
David;Tienda3;281
John;Tienda4;22
Alice;Tienda1;96
David;Tienda4;27
Bob;Tienda4;39
Alice;Tienda3;135
David;Tienda4;145
John;Tienda4;54
Alice;Tienda3;148
John;Tienda4;259
Alice;Tienda2;191
Alice;Tienda4;226
Charlie;Tienda3;230
David;Tienda3;8
John;Tienda2;177
David;Tienda4;178
David;Tienda4;140
Bob;Tienda4;212
John;Tienda2;34
Charlie;Tienda3;78
Bob;Tienda3;106
John;Tienda3;209
Bob;Tienda1;99
Bob;Tienda4;154
Bob;Tienda1;120
John;Tienda4;61
Bob;Tienda4;292
Bob;Tienda1;278
Charlie;Tienda3;268
Charlie;Tienda3;253
Charlie;Tienda3;2
David;Tienda4;276
David;Tienda4;181
Charlie;Tienda3;264
Bob;Tienda1;249
Alice;Tienda2;140
Alice;Tienda3;13
Bob;Tienda1;106
Charlie;Tienda3;77
David;Tienda4;202
Alice;Tienda3;2
John;Tienda2;22
Charlie;Tienda3;92
Charlie;Tienda3;192
Alice;Tienda1;242
Bob;Tienda1;209
Bob;Tienda1;56
John;Tienda4;270
Charlie;Tienda3;255
John;Tienda3;69
Alice;Tienda3;144
Bob;Tienda3;221
David;Tienda3;98
Bob;Tienda1;278
Charlie;Tienda3;77
John;Tienda4;169
David;Tienda3;295
David;Tienda3;184
Charlie;Tienda3;157
John;Tienda3;272
David;Tienda4;108
Charlie;Tienda3;6
David;Tienda4;150
Bob;Tienda3;33
John;Tienda4;289
Alice;Tienda1;158
Charlie;Tienda3;3
David;Tienda4;30
Bob;Tienda4;10
John;Tienda1;198
Charlie;Tienda3;166
John;Tienda1;51
Charlie;Tienda3;160
John;Tienda1;18
John;Tienda4;288
Charlie;Tienda3;50
Alice;Tienda1;222
Charlie;Tienda3;136
Bob;Tienda3;198
Charlie;Tienda3;201
Bob;Tienda4;246
David;Tienda4;155
David;Tienda3;121
Alice;Tienda3;250
Alice;Tienda4;106
Charlie;Tienda3;69
Bob;Tienda4;259
Alice;Tienda2;155
David;Tienda3;155
Bob;Tienda1;114
Charlie;Tienda3;83
Bob;Tienda1;87
John;Tienda3;230
Alice;Tienda3;216
Alice;Tienda3;156
John;Tienda2;215
Charlie;Tienda3;87
Alice;Tienda3;289
Alice;Tienda2;28
Alice;Tienda4;110
Bob;Tienda3;166
Charlie;Tienda3;8
Charlie;Tienda3;46
Bob;Tienda3;184
Alice;Tienda2;197
Charlie;Tienda3;41
Bob;Tienda3;60
John;Tienda2;70
Alice;Tienda4;20
David;Tienda4;114
Alice;Tienda1;212
John;Tienda4;193
Charlie;Tienda3;30
David;Tienda4;65
David;Tienda3;141
Alice;Tienda3;112
Charlie;Tienda3;289
David;Tienda4;59
Alice;Tienda4;189
David;Tienda3;204
David;Tienda4;124
John;Tienda2;254
David;Tienda4;227
David;Tienda4;84
David;Tienda4;151
David;Tienda3;273
John;Tienda4;288
Charlie;Tienda3;203
Alice;Tienda2;48
Alice;Tienda3;266
John;Tienda3;90
Alice;Tienda2;267
Bob;Tienda3;137
David;Tienda4;275
John;Tienda4;10
Charlie;Tienda3;295
David;Tienda4;108
Charlie;Tienda3;145
Alice;Tienda2;174
Alice;Tienda4;236
Alice;Tienda3;119
John;Tienda2;38
Charlie;Tienda3;148
Alice;Tienda2;45
Alice;Tienda4;269
David;Tienda4;236
Bob;Tienda1;58
David;Tienda3;89
Bob;Tienda3;298
Bob;Tienda4;283
Bob;Tienda4;4
John;Tienda2;16
Bob;Tienda3;153
Alice;Tienda3;16
David;Tienda3;59
Bob;Tienda1;198
David;Tienda3;166
Alice;Tienda2;37
Charlie;Tienda3;200
John;Tienda4;123
Alice;Tienda1;207
Alice;Tienda3;154
John;Tienda1;43
David;Tienda4;189
David;Tienda4;169
Bob;Tienda1;203
Bob;Tienda1;237
John;Tienda4;205
Alice;Tienda3;211
John;Tienda1;223
John;Tienda2;2
Alice;Tienda4;219
Alice;Tienda1;46
David;Tienda3;231
John;Tienda4;201
David;Tienda4;136
David;Tienda3;104
John;Tienda2;137
Bob;Tienda4;17
John;Tienda2;198
Alice;Tienda4;80
David;Tienda4;76
Bob;Tienda3;67
Alice;Tienda2;294
David;Tienda3;38
David;Tienda3;190
Bob;Tienda3;137
John;Tienda4;65
Alice;Tienda2;264
Bob;Tienda1;39
Bob;Tienda1;212
Bob;Tienda4;38
Charlie;Tienda3;184
David;Tienda4;299
Alice;Tienda3;43
Charlie;Tienda3;18
Charlie;Tienda3;73
Bob;Tienda3;128
David;Tienda4;150
Charlie;Tienda3;241
Bob;Tienda1;122
David;Tienda4;171
David;Tienda3;295
John;Tienda4;38
John;Tienda4;110
John;Tienda2;201
David;Tienda3;16
David;Tienda4;257
John;Tienda4;270
Alice;Tienda2;260
John;Tienda3;71
Bob;Tienda4;218
David;Tienda3;6
Alice;Tienda2;15
Charlie;Tienda3;144
Alice;Tienda2;9
Charlie;Tienda3;3
Bob;Tienda3;289
Charlie;Tienda3;243
Alice;Tienda3;182
Charlie;Tienda3;30
David;Tienda3;40
Charlie;Tienda3;2
Charlie;Tienda3;66
Alice;Tienda4;261
John;Tienda2;198
Bob;Tienda3;233
Bob;Tienda1;235
Charlie;Tienda3;53
John;Tienda2;236
David;Tienda4;29
David;Tienda4;61
Alice;Tienda2;294
Bob;Tienda1;182
John;Tienda3;295
Alice;Tienda1;152
Alice;Tienda1;79
David;Tienda4;171
David;Tienda4;17
John;Tienda1;29
David;Tienda3;26
John;Tienda2;186
Alice;Tienda3;110
Charlie;Tienda3;260
John;Tienda3;229
Charlie;Tienda3;296
Charlie;Tienda3;142
Bob;Tienda3;290
Bob;Tienda4;231
Alice;Tienda3;240
Alice;Tienda1;300
David;Tienda3;57
John;Tienda4;32
John;Tienda3;97
Alice;Tienda4;287
Alice;Tienda1;135
Charlie;Tienda3;4
Charlie;Tienda3;49
Charlie;Tienda3;241
Alice;Tienda2;97
David;Tienda3;89
John;Tienda1;3
Charlie;Tienda3;54
Alice;Tienda2;121
David;Tienda3;94
Alice;Tienda4;260
Charlie;Tienda3;246
Alice;Tienda4;12
John;Tienda4;254
David;Tienda4;183
John;Tienda1;84
Charlie;Tienda3;218
Alice;Tienda4;114
Charlie;Tienda3;244
John;Tienda1;116
John;Tienda2;126
John;Tienda3;7
John;Tienda1;114
Charlie;Tienda3;264
Charlie;Tienda3;83
David;Tienda3;92
Charlie;Tienda3;229
David;Tienda4;93
Alice;Tienda1;228
Charlie;Tienda3;106
Charlie;Tienda3;22
John;Tienda3;192
Alice;Tienda3;29
Bob;Tienda1;236
Charlie;Tienda3;239
Bob;Tienda1;218
Alice;Tienda1;210
Alice;Tienda4;155
John;Tienda4;144
Bob;Tienda4;57
Charlie;Tienda3;137
John;Tienda1;56
John;Tienda2;8
Bob;Tienda3;99
Charlie;Tienda3;210
John;Tienda1;27
David;Tienda4;63
John;Tienda2;173
Alice;Tienda2;60
Bob;Tienda3;96
Alice;Tienda4;38
John;Tienda2;162
Alice;Tienda4;298
Charlie;Tienda3;9
John;Tienda1;287
Charlie;Tienda3;210
Alice;Tienda4;232
David;Tienda3;133
John;Tienda3;31
Alice;Tienda3;27
Alice;Tienda3;276
Bob;Tienda1;100
Alice;Tienda4;204
Charlie;Tienda3;143
John;Tienda3;212
Alice;Tienda1;9
Charlie;Tienda3;49
Alice;Tienda3;157
Bob;Tienda4;84
Alice;Tienda4;105
John;Tienda2;298
David;Tienda3;224
Charlie;Tienda3;300
Alice;Tienda4;238
Charlie;Tienda3;158
Alice;Tienda2;74
Alice;Tienda3;93
John;Tienda1;192
Charlie;Tienda3;68
David;Tienda4;102
Alice;Tienda3;110
John;Tienda4;218
John;Tienda2;199
David;Tienda3;208
Alice;Tienda1;291
David;Tienda3;241
David;Tienda4;141
Alice;Tienda4;273
Charlie;Tienda3;111
Bob;Tienda1;268
Charlie;Tienda3;200
John;Tienda2;265
Charlie;Tienda3;149
Bob;Tienda3;284
Charlie;Tienda3;215
Alice;Tienda4;79
David;Tienda4;189
Alice;Tienda1;263
Charlie;Tienda3;252
Bob;Tienda3;27
David;Tienda3;57
Bob;Tienda1;294
David;Tienda3;175
John;Tienda2;140
David;Tienda3;253
David;Tienda3;164
David;Tienda4;122
Bob;Tienda4;104
Bob;Tienda4;260
John;Tienda1;52
Alice;Tienda3;259
Alice;Tienda2;45
Alice;Tienda1;87
John;Tienda2;4
David;Tienda4;109
David;Tienda4;199
John;Tienda3;123
Alice;Tienda1;228
Alice;Tienda4;202
John;Tienda1;13
Charlie;Tienda3;41
John;Tienda3;3
Alice;Tienda2;66
Charlie;Tienda3;134
Alice;Tienda4;39
David;Tienda4;30
John;Tienda4;295
Charlie;Tienda3;120
Alice;Tienda4;75
Bob;Tienda1;157
John;Tienda3;206
David;Tienda3;196
Charlie;Tienda3;208
Alice;Tienda1;99
Alice;Tienda3;105
John;Tienda1;280
John;Tienda4;74
David;Tienda3;52
David;Tienda4;82
David;Tienda3;20
David;Tienda3;269
David;Tienda4;291
Charlie;Tienda3;192
David;Tienda4;121
David;Tienda4;2
Bob;Tienda4;199
Alice;Tienda1;236
Charlie;Tienda3;135
Alice;Tienda2;46
David;Tienda4;25
David;Tienda3;285
Bob;Tienda3;281
John;Tienda4;217
Bob;Tienda4;186
Bob;Tienda1;286
Alice;Tienda1;212
John;Tienda1;36
Bob;Tienda3;197
John;Tienda3;157
Bob;Tienda4;16
David;Tienda3;100
Alice;Tienda2;32
David;Tienda3;299
Alice;Tienda4;85
Charlie;Tienda3;98
David;Tienda3;300
Charlie;Tienda3;285
David;Tienda4;11
Charlie;Tienda3;164
Bob;Tienda1;92
Bob;Tienda4;24
David;Tienda3;290
Bob;Tienda3;232
David;Tienda4;15
David;Tienda4;282
Charlie;Tienda3;295
Alice;Tienda3;35
David;Tienda4;273
Alice;Tienda1;172
Charlie;Tienda3;73
Alice;Tienda1;213
Bob;Tienda1;6
Alice;Tienda2;238
Charlie;Tienda3;48
John;Tienda1;30
Alice;Tienda4;145
Alice;Tienda1;39
Bob;Tienda1;232
Bob;Tienda1;296
John;Tienda1;67
John;Tienda1;128
Alice;Tienda3;237
Charlie;Tienda3;260
John;Tienda3;21
John;Tienda4;5
Charlie;Tienda3;252
Bob;Tienda3;292
Alice;Tienda3;253
Alice;Tienda4;131
John;Tienda1;203
David;Tienda4;250
Bob;Tienda4;179
Charlie;Tienda3;100
Charlie;Tienda3;54
Alice;Tienda2;185
Charlie;Tienda3;53
Alice;Tienda2;128
Bob;Tienda3;208
John;Tienda2;210
Bob;Tienda4;175
John;Tienda2;244
Alice;Tienda3;130
Bob;Tienda3;126
Bob;Tienda1;35
Bob;Tienda1;73
Charlie;Tienda3;164
Charlie;Tienda3;48
David;Tienda3;76
David;Tienda4;6
David;Tienda4;129
John;Tienda1;31
John;Tienda3;70
Charlie;Tienda3;239
John;Tienda4;292
Charlie;Tienda3;120
John;Tienda3;193
David;Tienda3;262
David;Tienda3;140
John;Tienda4;144
John;Tienda4;36
John;Tienda3;155
Charlie;Tienda3;41
David;Tienda4;113
David;Tienda3;105
David;Tienda4;37
John;Tienda3;254
Charlie;Tienda3;147
Alice;Tienda1;220
David;Tienda4;283
Charlie;Tienda3;123
Alice;Tienda4;204
Alice;Tienda2;288
Bob;Tienda3;113
David;Tienda4;211
David;Tienda4;250
John;Tienda2;286
Alice;Tienda1;109
David;Tienda3;34
David;Tienda4;184
David;Tienda4;282
Alice;Tienda4;212
Charlie;Tienda3;251
John;Tienda2;79
Bob;Tienda4;21
Charlie;Tienda3;204
David;Tienda3;201
Charlie;Tienda3;106
David;Tienda4;236
John;Tienda4;206
Charlie;Tienda3;93
Bob;Tienda1;16
John;Tienda3;165
Alice;Tienda3;241
Alice;Tienda3;36
John;Tienda1;155
Bob;Tienda4;73
Bob;Tienda1;70
Alice;Tienda2;119
David;Tienda4;10
Charlie;Tienda3;101
Alice;Tienda1;218
John;Tienda1;207
Charlie;Tienda3;260
Charlie;Tienda3;72
David;Tienda4;83
David;Tienda3;113
Alice;Tienda4;147
Bob;Tienda1;19
Charlie;Tienda3;222
Alice;Tienda4;287
David;Tienda4;229
Charlie;Tienda3;62
David;Tienda3;88
David;Tienda4;14
John;Tienda2;200
David;Tienda3;85
Alice;Tienda1;299
Charlie;Tienda3;207
John;Tienda2;120
Charlie;Tienda3;258
Alice;Tienda4;59
David;Tienda3;110
John;Tienda4;171
Bob;Tienda4;249
David;Tienda3;113
Bob;Tienda1;21
David;Tienda3;57
Alice;Tienda1;235
Bob;Tienda3;57
Bob;Tienda1;76
Charlie;Tienda3;79
Alice;Tienda2;248
Alice;Tienda1;166
Charlie;Tienda3;182
Bob;Tienda1;277
David;Tienda3;188
John;Tienda3;117
Charlie;Tienda3;40
Alice;Tienda1;188
David;Tienda4;236
Charlie;Tienda3;86
David;Tienda4;86
Charlie;Tienda3;201
Bob;Tienda1;290
John;Tienda3;265
Charlie;Tienda3;112
Alice;Tienda2;198
Bob;Tienda3;243
Alice;Tienda4;270
Alice;Tienda4;47
Alice;Tienda1;165
David;Tienda4;134
David;Tienda4;210
David;Tienda3;245
John;Tienda3;285
John;Tienda3;24
Bob;Tienda3;201
Alice;Tienda1;228
Alice;Tienda4;216
David;Tienda3;121
Alice;Tienda4;2
Charlie;Tienda3;240
Alice;Tienda3;192
Charlie;Tienda3;115
John;Tienda2;278
David;Tienda4;217
Charlie;Tienda3;109
Alice;Tienda2;242
Alice;Tienda2;45
John;Tienda1;18
David;Tienda4;298
Charlie;Tienda3;21
Charlie;Tienda3;180
John;Tienda2;56
Charlie;Tienda3;18
John;Tienda2;92
Alice;Tienda4;32
Alice;Tienda1;207
David;Tienda4;229
Bob;Tienda1;163
John;Tienda2;201
John;Tienda4;104
Charlie;Tienda3;2
David;Tienda4;239
John;Tienda4;270
John;Tienda2;270
David;Tienda3;86
John;Tienda2;86
John;Tienda2;103
Alice;Tienda2;250
John;Tienda1;242
Alice;Tienda3;30
Alice;Tienda2;211
John;Tienda1;204
David;Tienda4;286
John;Tienda4;100
Bob;Tienda3;167
Charlie;Tienda3;197
Bob;Tienda1;90
Alice;Tienda4;233
David;Tienda4;99
John;Tienda1;273
Alice;Tienda1;210
David;Tienda4;139
Charlie;Tienda3;26
John;Tienda3;261
Bob;Tienda4;154
Alice;Tienda4;2
Alice;Tienda3;140
Charlie;Tienda3;108
Charlie;Tienda3;133
Bob;Tienda1;215
David;Tienda3;196
Bob;Tienda3;283
David;Tienda3;281
Alice;Tienda1;33
John;Tienda4;20
Bob;Tienda4;49
John;Tienda2;30
John;Tienda2;5
Alice;Tienda4;65
Charlie;Tienda3;204
Bob;Tienda3;172
Charlie;Tienda3;198
Bob;Tienda1;27
Bob;Tienda1;266
Bob;Tienda3;97
Alice;Tienda3;254
Alice;Tienda3;73
John;Tienda1;268
John;Tienda2;32
John;Tienda3;139
John;Tienda1;1
David;Tienda4;50
David;Tienda4;35
David;Tienda4;32
David;Tienda4;99
Charlie;Tienda3;43
Charlie;Tienda3;43
Bob;Tienda1;227
Charlie;Tienda3;99
Bob;Tienda1;284
Charlie;Tienda3;52
John;Tienda2;165
Alice;Tienda3;226
David;Tienda3;89
Bob;Tienda1;293
Alice;Tienda3;264
David;Tienda3;17
John;Tienda2;131
Charlie;Tienda3;103
Charlie;Tienda3;3
David;Tienda3;98
David;Tienda4;137
David;Tienda4;244
Charlie;Tienda3;181
Charlie;Tienda3;206
John;Tienda3;59
Charlie;Tienda3;31
David;Tienda3;277
Charlie;Tienda3;82
Charlie;Tienda3;161
John;Tienda4;297
Alice;Tienda4;172
Alice;Tienda1;296
Charlie;Tienda3;241
Charlie;Tienda3;128
Bob;Tienda1;238
John;Tienda1;223
Bob;Tienda4;170
Charlie;Tienda3;17
Bob;Tienda3;161
Bob;Tienda4;278
David;Tienda3;285
Bob;Tienda1;188
John;Tienda3;73
Bob;Tienda3;247
John;Tienda4;163
Alice;Tienda4;146
John;Tienda1;146
Alice;Tienda4;1
Alice;Tienda2;249
John;Tienda1;49
David;Tienda3;262
John;Tienda3;64
Bob;Tienda3;228
Bob;Tienda3;205
Bob;Tienda1;228
David;Tienda4;260
Alice;Tienda3;44
Alice;Tienda4;186
John;Tienda2;200
Bob;Tienda3;247
Charlie;Tienda3;139
Bob;Tienda4;94
John;Tienda4;149
Alice;Tienda4;60
Charlie;Tienda3;208
John;Tienda3;107
David;Tienda4;26
Bob;Tienda1;110
Alice;Tienda2;171
Alice;Tienda3;272
David;Tienda3;120
Alice;Tienda1;242
Bob;Tienda1;131
Charlie;Tienda3;161
Bob;Tienda4;149
David;Tienda3;155
Bob;Tienda4;83
Bob;Tienda4;216
Charlie;Tienda3;174
David;Tienda3;97
David;Tienda3;161
Alice;Tienda3;18
Charlie;Tienda3;6
David;Tienda4;250
Bob;Tienda4;19
John;Tienda4;15
John;Tienda2;81
John;Tienda4;173
Alice;Tienda1;172
Charlie;Tienda3;246
John;Tienda3;58
David;Tienda4;57
John;Tienda4;30
Alice;Tienda4;174
David;Tienda4;68
Charlie;Tienda3;191
John;Tienda1;78
Charlie;Tienda3;56
Bob;Tienda3;226
Alice;Tienda3;118
Charlie;Tienda3;175
John;Tienda2;92
David;Tienda4;200
Alice;Tienda1;15
Bob;Tienda3;117
John;Tienda4;102
Charlie;Tienda3;293
Charlie;Tienda3;61
Charlie;Tienda3;216
David;Tienda3;278
Charlie;Tienda3;289
David;Tienda3;236
Bob;Tienda1;122
Alice;Tienda2;283
Alice;Tienda1;6
Alice;Tienda4;143
David;Tienda4;35
Charlie;Tienda3;69
Charlie;Tienda3;59
Bob;Tienda4;203
David;Tienda4;10
John;Tienda3;77
John;Tienda4;85
John;Tienda3;279
Bob;Tienda1;87
David;Tienda4;147
John;Tienda3;283
Bob;Tienda3;55
David;Tienda4;135
John;Tienda2;116
Charlie;Tienda3;125
Charlie;Tienda3;83
John;Tienda4;11
Bob;Tienda3;141
Bob;Tienda1;142
John;Tienda4;207
Charlie;Tienda3;162
David;Tienda3;131
Alice;Tienda2;80
John;Tienda2;247
Bob;Tienda3;122
David;Tienda3;261
David;Tienda3;255
David;Tienda4;73
David;Tienda4;255
John;Tienda1;215
Charlie;Tienda3;57
John;Tienda3;123
John;Tienda4;251
Bob;Tienda3;134
Bob;Tienda4;35
Alice;Tienda2;119
Charlie;Tienda3;30
Charlie;Tienda3;81
Bob;Tienda4;232
Bob;Tienda4;50
David;Tienda4;152
David;Tienda3;86
Charlie;Tienda3;187
David;Tienda4;230
Bob;Tienda1;35
Charlie;Tienda3;270
Alice;Tienda1;219
Bob;Tienda4;286
Alice;Tienda1;196
Bob;Tienda3;189
John;Tienda3;79
Alice;Tienda2;23
Alice;Tienda2;1
Alice;Tienda1;67
Charlie;Tienda3;203
Alice;Tienda3;30
Alice;Tienda2;198
Alice;Tienda3;29
Bob;Tienda3;283
Alice;Tienda1;73
Alice;Tienda1;197
David;Tienda4;206
Bob;Tienda3;270
Bob;Tienda1;165
Alice;Tienda3;289
Charlie;Tienda3;163
David;Tienda4;164
John;Tienda4;221
David;Tienda4;3
David;Tienda4;218
Bob;Tienda3;2
John;Tienda3;109
John;Tienda4;115
Charlie;Tienda3;263
John;Tienda4;185
John;Tienda1;55
Alice;Tienda2;57
Charlie;Tienda3;260
John;Tienda4;167
David;Tienda4;84
Bob;Tienda3;273
Bob;Tienda1;260
John;Tienda3;149
Alice;Tienda2;54
Charlie;Tienda3;1
John;Tienda4;235
John;Tienda2;29
David;Tienda3;231
John;Tienda4;217
John;Tienda2;12
Alice;Tienda3;211
Alice;Tienda2;35
David;Tienda3;91
David;Tienda4;250
Bob;Tienda1;132
John;Tienda2;190
Charlie;Tienda3;168
Bob;Tienda4;76
Charlie;Tienda3;224
John;Tienda3;208
Charlie;Tienda3;249
Charlie;Tienda3;215
John;Tienda2;280
John;Tienda4;257
Alice;Tienda3;111
Alice;Tienda4;206
John;Tienda2;298
Bob;Tienda1;215
Charlie;Tienda3;257
David;Tienda3;184
Alice;Tienda2;202
Charlie;Tienda3;291
Bob;Tienda3;218
David;Tienda4;141
Alice;Tienda3;294
John;Tienda1;208
Bob;Tienda3;133
John;Tienda4;201
Charlie;Tienda3;45
Alice;Tienda1;262
David;Tienda3;259
Bob;Tienda1;18
David;Tienda3;54
John;Tienda1;298
Alice;Tienda1;121
David;Tienda3;245
John;Tienda4;47
Alice;Tienda2;201
Alice;Tienda4;120
John;Tienda1;202
Alice;Tienda3;192
Alice;Tienda2;16
Charlie;Tienda3;80
Charlie;Tienda3;197
Bob;Tienda1;200
Alice;Tienda2;17
Alice;Tienda3;86
David;Tienda4;92
Charlie;Tienda3;175
Alice;Tienda2;42
David;Tienda4;93
Alice;Tienda4;16
John;Tienda1;246
Alice;Tienda1;275
Charlie;Tienda3;263
John;Tienda4;21
John;Tienda3;135
Charlie;Tienda3;287
David;Tienda3;80
Charlie;Tienda3;149
David;Tienda4;183
Bob;Tienda4;270
David;Tienda3;28
Alice;Tienda4;281
John;Tienda2;200
Charlie;Tienda3;114
Alice;Tienda3;161
Charlie;Tienda3;252
John;Tienda3;206
Charlie;Tienda3;62
Charlie;Tienda3;99
John;Tienda3;42
John;Tienda3;155
Charlie;Tienda3;79
Bob;Tienda1;130
David;Tienda3;61
David;Tienda4;270
David;Tienda3;66
Charlie;Tienda3;85
Bob;Tienda4;157
Alice;Tienda1;252
David;Tienda4;137
David;Tienda4;9
Bob;Tienda3;38
John;Tienda1;253
John;Tienda3;180
Alice;Tienda3;265
Alice;Tienda4;166
Charlie;Tienda3;230
David;Tienda3;175
Bob;Tienda4;33
Bob;Tienda3;48
Alice;Tienda2;265
Charlie;Tienda3;212
Alice;Tienda1;109
Alice;Tienda1;255
Alice;Tienda4;65
John;Tienda2;247
Alice;Tienda1;233
John;Tienda1;269
John;Tienda4;78
Alice;Tienda4;169
Charlie;Tienda3;39
John;Tienda4;34
Charlie;Tienda3;143
John;Tienda3;40
John;Tienda2;127
David;Tienda4;99
Charlie;Tienda3;182
Bob;Tienda3;155
Alice;Tienda3;35
John;Tienda2;166
Bob;Tienda1;295
David;Tienda3;269
Charlie;Tienda3;287
Bob;Tienda1;269
David;Tienda3;178
John;Tienda1;276
John;Tienda2;36
John;Tienda3;234
Alice;Tienda1;57
John;Tienda2;19
Charlie;Tienda3;51
John;Tienda4;261
Bob;Tienda1;14
Bob;Tienda1;92
David;Tienda4;153
David;Tienda4;260
Alice;Tienda2;78
Alice;Tienda2;84
Charlie;Tienda3;47
David;Tienda3;16
Bob;Tienda4;11
Charlie;Tienda3;293
David;Tienda3;105
David;Tienda4;20
John;Tienda3;293
John;Tienda3;300
Alice;Tienda4;164
Alice;Tienda4;216
Charlie;Tienda3;144
Alice;Tienda3;264
Charlie;Tienda3;11
Charlie;Tienda3;23
Charlie;Tienda3;28
Bob;Tienda1;257
David;Tienda3;200
John;Tienda1;248
Bob;Tienda1;4
Charlie;Tienda3;274
John;Tienda1;29
Alice;Tienda3;76
David;Tienda4;291
Bob;Tienda1;95
John;Tienda4;42
Charlie;Tienda3;154
David;Tienda4;42
Bob;Tienda3;104
John;Tienda3;227
Bob;Tienda4;119
John;Tienda4;7
Alice;Tienda4;9
Alice;Tienda3;73
John;Tienda4;33
Alice;Tienda3;223
Charlie;Tienda3;123
John;Tienda4;22
David;Tienda4;27
Bob;Tienda1;170
Alice;Tienda3;192
John;Tienda1;84
Alice;Tienda2;162
Charlie;Tienda3;167
John;Tienda3;148
Alice;Tienda2;259
John;Tienda3;212
Charlie;Tienda3;126
Bob;Tienda1;3
Charlie;Tienda3;214
Charlie;Tienda3;17
David;Tienda4;43
Charlie;Tienda3;49
Alice;Tienda2;268
David;Tienda4;214
Alice;Tienda2;2
Alice;Tienda2;182
Bob;Tienda3;133
John;Tienda3;107
John;Tienda3;176
Charlie;Tienda3;72
John;Tienda3;199
Bob;Tienda3;148
Charlie;Tienda3;121
Bob;Tienda3;176
Alice;Tienda1;169
Bob;Tienda1;79
John;Tienda3;61
David;Tienda3;132
John;Tienda1;123
David;Tienda4;283
Charlie;Tienda3;55
John;Tienda3;244
Bob;Tienda3;127
Bob;Tienda4;49
Bob;Tienda4;208
Bob;Tienda3;225
John;Tienda2;287
Alice;Tienda4;279
John;Tienda2;3
David;Tienda3;284
Charlie;Tienda3;50
John;Tienda2;13
David;Tienda4;1
Alice;Tienda2;138
John;Tienda1;208
David;Tienda3;248
Alice;Tienda1;240
Charlie;Tienda3;174
John;Tienda2;198
Alice;Tienda4;48
David;Tienda4;146
David;Tienda3;193
David;Tienda4;287
Charlie;Tienda3;91
Charlie;Tienda3;298
David;Tienda4;287
David;Tienda3;123
Bob;Tienda4;172
John;Tienda1;291
David;Tienda4;188
John;Tienda2;184
John;Tienda4;136
Charlie;Tienda3;171
John;Tienda1;249
David;Tienda4;218
David;Tienda3;26
Alice;Tienda2;155
Bob;Tienda3;250
Charlie;Tienda3;164
Bob;Tienda1;78
Bob;Tienda1;97
Charlie;Tienda3;112
Alice;Tienda2;295
John;Tienda3;157
Bob;Tienda1;61
Bob;Tienda3;96
John;Tienda1;45
David;Tienda4;88
Charlie;Tienda3;163
John;Tienda4;158
Alice;Tienda2;77
Alice;Tienda1;268
David;Tienda4;165
Charlie;Tienda3;142
David;Tienda3;159
Bob;Tienda1;213
Charlie;Tienda3;67
John;Tienda3;233
John;Tienda3;169
David;Tienda3;255
Charlie;Tienda3;124
Charlie;Tienda3;4
David;Tienda3;48
David;Tienda4;17
Charlie;Tienda3;280
Charlie;Tienda3;89
Charlie;Tienda3;123
Alice;Tienda2;296
Bob;Tienda3;221
John;Tienda3;223
Bob;Tienda3;38
John;Tienda2;105
Charlie;Tienda3;262
John;Tienda3;237
David;Tienda4;163
John;Tienda3;117
Charlie;Tienda3;150
Bob;Tienda1;28
Alice;Tienda2;153
Charlie;Tienda3;70
Charlie;Tienda3;44
Charlie;Tienda3;240
John;Tienda4;76
Bob;Tienda3;285
Bob;Tienda1;124
Charlie;Tienda3;9
Bob;Tienda3;201
John;Tienda1;93
David;Tienda4;116
Bob;Tienda1;260
David;Tienda4;66
Bob;Tienda4;32
David;Tienda4;110
Bob;Tienda3;290
David;Tienda3;80
Alice;Tienda1;243
John;Tienda1;258
John;Tienda2;87
David;Tienda3;102
Bob;Tienda1;84
John;Tienda2;292
Charlie;Tienda3;238
John;Tienda4;63
Alice;Tienda4;248
David;Tienda3;68
John;Tienda3;105
John;Tienda2;47
David;Tienda4;207
Bob;Tienda1;126
Bob;Tienda1;99
Alice;Tienda2;188
David;Tienda3;149
Bob;Tienda4;217
Alice;Tienda2;3
Bob;Tienda4;15
Bob;Tienda4;42
David;Tienda4;100
Bob;Tienda1;286
Bob;Tienda1;102
Alice;Tienda2;61
John;Tienda4;241
David;Tienda4;72
David;Tienda3;89
John;Tienda3;288
John;Tienda1;243
Bob;Tienda3;132
David;Tienda3;29
David;Tienda3;4
Charlie;Tienda3;223
Bob;Tienda3;81
David;Tienda4;283
Alice;Tienda2;112
David;Tienda3;214
Charlie;Tienda3;13
Charlie;Tienda3;206
John;Tienda4;288
David;Tienda3;141
Charlie;Tienda3;175
Charlie;Tienda3;55
John;Tienda3;30
Charlie;Tienda3;44
Bob;Tienda1;72
Alice;Tienda1;30
David;Tienda4;51
Bob;Tienda1;90
Charlie;Tienda3;202
John;Tienda3;66
Alice;Tienda2;49
Alice;Tienda4;244
David;Tienda4;185
Charlie;Tienda3;80
Charlie;Tienda3;143
Charlie;Tienda3;120
Charlie;Tienda3;232
Charlie;Tienda3;280
David;Tienda4;133
Bob;Tienda1;246
Alice;Tienda4;171
Charlie;Tienda3;284
David;Tienda4;224
Alice;Tienda4;48
John;Tienda3;2
Bob;Tienda1;6
David;Tienda3;273
Alice;Tienda2;194
Bob;Tienda4;82
David;Tienda4;57
Charlie;Tienda3;264
Alice;Tienda3;217
Charlie;Tienda3;69
Charlie;Tienda3;43
Alice;Tienda2;38
Charlie;Tienda3;85
John;Tienda3;201
John;Tienda3;127
John;Tienda4;264
John;Tienda1;164
John;Tienda2;159
Charlie;Tienda3;164
Bob;Tienda4;214
David;Tienda3;54
Charlie;Tienda3;126
Charlie;Tienda3;61
John;Tienda2;87
John;Tienda4;28
Bob;Tienda3;183
Alice;Tienda4;22
Charlie;Tienda3;198
David;Tienda4;242
Bob;Tienda4;21
David;Tienda3;209
Alice;Tienda2;299
Bob;Tienda3;194
Alice;Tienda2;11
Bob;Tienda1;229
Charlie;Tienda3;241
John;Tienda4;102
Alice;Tienda4;157
John;Tienda3;159
Charlie;Tienda3;87
Bob;Tienda1;49
Alice;Tienda1;40
John;Tienda4;254
John;Tienda2;41
David;Tienda3;79
John;Tienda4;244
Alice;Tienda2;13
David;Tienda3;245
David;Tienda4;50
Alice;Tienda2;183
David;Tienda3;95
Charlie;Tienda3;185
Charlie;Tienda3;30
John;Tienda3;119
Charlie;Tienda3;34
David;Tienda4;293
Alice;Tienda4;207
Charlie;Tienda3;23
Alice;Tienda4;170
David;Tienda3;260
David;Tienda4;229
Bob;Tienda3;208
John;Tienda4;103
John;Tienda4;158
Bob;Tienda3;170
John;Tienda2;40
John;Tienda3;80
David;Tienda3;207
Bob;Tienda4;123
Bob;Tienda3;160
John;Tienda2;68
Alice;Tienda1;201
Bob;Tienda3;16
David;Tienda4;292
John;Tienda3;280
Charlie;Tienda3;68
David;Tienda3;262
Alice;Tienda1;222
Alice;Tienda4;23
Alice;Tienda2;182
John;Tienda4;224
Alice;Tienda4;127
Bob;Tienda4;277
Bob;Tienda1;175
Bob;Tienda3;181
John;Tienda2;228
John;Tienda1;282
Alice;Tienda3;74
Bob;Tienda3;141
Charlie;Tienda3;248
David;Tienda4;130
John;Tienda2;284
John;Tienda3;7
Alice;Tienda3;227
Bob;Tienda1;150
John;Tienda2;133
Charlie;Tienda3;150
John;Tienda4;70
David;Tienda3;223
Charlie;Tienda3;27
David;Tienda4;84
John;Tienda1;125
Bob;Tienda4;4
David;Tienda3;17
John;Tienda2;23
Alice;Tienda1;144
Bob;Tienda1;147
David;Tienda4;13
Charlie;Tienda3;14
Charlie;Tienda3;187
Alice;Tienda1;6
Charlie;Tienda3;91
David;Tienda4;202
Alice;Tienda3;137
Bob;Tienda4;95
John;Tienda3;199
Alice;Tienda4;101
Alice;Tienda4;22
Alice;Tienda1;86
John;Tienda4;84
John;Tienda1;72
Bob;Tienda1;239
John;Tienda4;40
Alice;Tienda1;81
Charlie;Tienda3;68
Bob;Tienda3;45
Alice;Tienda4;205
Alice;Tienda2;255
Alice;Tienda2;53
John;Tienda1;133
David;Tienda3;224
Charlie;Tienda3;55
Bob;Tienda1;234
Bob;Tienda1;207
John;Tienda3;265
John;Tienda3;115
Alice;Tienda3;210
John;Tienda4;290
John;Tienda4;9
David;Tienda4;81
Alice;Tienda4;277
Alice;Tienda4;156
John;Tienda2;138
Charlie;Tienda3;26
John;Tienda2;296
Bob;Tienda1;185
Bob;Tienda4;129
Bob;Tienda1;277
Bob;Tienda3;15
Bob;Tienda4;256
John;Tienda3;268
Bob;Tienda1;277
Bob;Tienda1;299
David;Tienda4;136
Alice;Tienda4;96
David;Tienda3;45
Alice;Tienda2;95
Bob;Tienda4;80
Bob;Tienda4;58
David;Tienda4;185
Bob;Tienda3;203
John;Tienda3;217
David;Tienda4;180
John;Tienda4;204
David;Tienda4;19
Alice;Tienda2;208
Alice;Tienda3;79
Alice;Tienda3;63
David;Tienda3;132
Bob;Tienda1;61
Alice;Tienda3;174
David;Tienda4;43
Bob;Tienda1;222
Bob;Tienda3;89
John;Tienda4;217
Bob;Tienda4;264
David;Tienda4;87
Bob;Tienda4;149
Alice;Tienda2;196
Bob;Tienda4;69
Bob;Tienda4;239
Bob;Tienda4;35
David;Tienda3;139
David;Tienda3;118
Charlie;Tienda3;163
Bob;Tienda4;194
David;Tienda3;119
Charlie;Tienda3;38
Bob;Tienda4;25
David;Tienda3;17
David;Tienda3;155
Charlie;Tienda3;268
Bob;Tienda1;159
David;Tienda4;99
Charlie;Tienda3;80
Bob;Tienda3;103
John;Tienda3;119
Bob;Tienda3;266
Charlie;Tienda3;149
Bob;Tienda3;19
John;Tienda2;148
John;Tienda4;249
John;Tienda3;176
Charlie;Tienda3;294
John;Tienda4;233
Charlie;Tienda3;24
John;Tienda1;85
David;Tienda3;88
Bob;Tienda3;33
Alice;Tienda1;220
John;Tienda4;132
David;Tienda4;217
Bob;Tienda4;96
David;Tienda4;119
John;Tienda1;128
John;Tienda1;183
David;Tienda3;193
John;Tienda4;12
Alice;Tienda1;93
Bob;Tienda3;70
Bob;Tienda4;86
Charlie;Tienda3;157
David;Tienda3;237
Alice;Tienda2;134
David;Tienda3;174
David;Tienda3;134
John;Tienda3;157
Bob;Tienda1;54
Charlie;Tienda3;65
Alice;Tienda3;67
Bob;Tienda1;20
David;Tienda3;225
Alice;Tienda1;135
David;Tienda4;246
Alice;Tienda2;202
David;Tienda4;185
Alice;Tienda1;192
Charlie;Tienda3;54
Bob;Tienda1;194
Alice;Tienda2;278
Charlie;Tienda3;132
Alice;Tienda2;149
David;Tienda3;160
Charlie;Tienda3;266
David;Tienda3;93
Bob;Tienda3;119
Charlie;Tienda3;116
Alice;Tienda1;56
David;Tienda3;173
Charlie;Tienda3;245
Bob;Tienda1;218
Alice;Tienda4;72
John;Tienda3;129
John;Tienda2;281
Alice;Tienda2;101
Bob;Tienda3;37
John;Tienda1;125
Alice;Tienda4;213
David;Tienda4;266
Charlie;Tienda3;69
Alice;Tienda1;193
Bob;Tienda4;291
Charlie;Tienda3;273
Alice;Tienda4;183
Bob;Tienda3;292
David;Tienda4;214
Bob;Tienda4;159
Bob;Tienda4;290
David;Tienda4;4
Bob;Tienda4;71
John;Tienda4;136
David;Tienda4;70
Charlie;Tienda3;139
John;Tienda2;252
Alice;Tienda1;76
Alice;Tienda1;227
Alice;Tienda2;116
Alice;Tienda2;174
Bob;Tienda4;300
Alice;Tienda4;269
Bob;Tienda1;75
Charlie;Tienda3;210
David;Tienda3;58
David;Tienda3;57
John;Tienda3;79
David;Tienda4;116
